title,price,release_year,release_month,rating,required_age,is_multiplayer
"Medieval II: Total War™ Kingdoms",11.99,2007,11,85,0,1
"Sid Meier's Civilization®: Beyond Earth™",39.99,2014,10,81,0,1
"Majesty 2",9.99,2009,9,72,0,0
Wizorb,2.99,2012,3,81,0,0
"Air Conflicts: Vietnam",17.99,2013,10,43,0,1
"Warhammer® 40,000: Dawn of War® - Dark Crusade",12.99,2007,8,87,17,1
"Drug Wars",4.99,2009,3,35,17,1
Drakensang,9.99,2009,3,75,0,0
"Rush for Berlin Gold",4.99,2009,10,76,0,1
Singularity™,29.99,2010,6,76,0,1
"Supreme League of Patriots",5.99,2015,1,56,0,0
"Quake IV",19.99,2011,8,81,17,1
"TowerFall Ascension",14.99,2014,3,87,0,0
"Bully: Scholarship Edition",14.99,2008,10,72,0,0
"Master Spy",9.99,2015,9,68,0,0
"Operation Flashpoint: Dragon Rising",9.99,2009,10,76,17,0
"Party Hard",12.89,2015,8,66,17,0
"F1 2012™",19.99,2012,9,80,0,1
"Gothic II: Gold Edition",9.99,1970,1,79,0,0
"War, the Game",6.99,2015,1,65,0,1
"Anomaly 2",14.99,2013,5,77,0,1
"World War II: Panzer Claws",4.99,2013,9,61,0,1
"Slow Down, Bull",1.99,2015,4,65,0,0
"S.T.A.L.K.E.R.: Shadow of Chernobyl",19.99,2007,3,82,17,1
"Albedo: Eyes from Outer Space",14.99,2015,4,66,0,0
"MASSIVE CHALICE",19.99,2015,6,73,0,0
"Rig n Roll",9.99,2010,7,61,0,0
"RUNNING WITH RIFLES",14.99,2015,4,78,0,1
"Grand Theft Auto III",9.99,2011,1,93,17,0
"Age of Wonders III",29.99,2014,3,80,0,1
"Grand Theft Auto V",59.99,2015,4,96,17,1
"Dungeons 2",39.99,2015,4,70,0,1
"Sniper Elite: Nazi Zombie Army 2",14.99,2013,10,53,0,0
"Larva Mortus",4.99,2009,3,64,0,0
"Polaris Sector",39.99,2016,3,75,0,0
"The Witcher Adventure Game",9.99,2014,11,68,0,1
"War for the Overworld",29.99,2015,4,65,0,1
"CrimeCraft: GangWars",0,2011,8,68,0,1
"Battle Of Europe",9.99,2014,9,54,0,0
Downwell,2.99,2015,10,84,0,0
"Deadfall Adventures",19.99,2013,11,53,0,1
"Saints Row: The Third",14.99,2011,11,84,17,0
"ARMA: Combat Operations",7.99,2008,3,74,0,1
"Phantom Breaker: Battle Grounds",11.99,2015,1,64,0,0
"Blacklight: Retribution",0,2012,7,75,0,1
"Sid Meier's Civilization IV: Colonization",19.99,2008,9,83,0,1
"The Settlers®: Rise Of An Empire Gold Edition",19.99,2008,10,66,0,0
"The Kings' Crusade",9.99,2010,10,71,0,1
"Amnesia: The Dark Descent",19.99,2010,9,85,0,0
"Desperados 2: Cooper's Revenge",9.99,2008,3,66,0,0
"Decay: The Mare",9.99,2015,2,60,0,0
"Journey of a Roach",14.99,2013,11,65,0,0
"Sherlock Holmes: Crimes and Punishments",29.99,2014,9,77,0,0
Eldritch,14.99,2013,10,77,0,0
"Faces of War",4.99,2014,4,67,0,1
"Volgarr the Viking",9.99,2013,9,76,0,0
"Serious Sam: The Random Encounter",4.99,2011,10,64,0,0
"Nuclear Dawn",9.99,2011,9,71,0,1
Silverfall,9.99,2007,3,62,0,0
"Shadow Harvest: Phantom Ops",9.99,2011,4,34,17,0
"The Witcher® 3: Wild Hunt",49.99,2015,5,93,0,0
"Shadowrun Returns",14.99,2013,7,76,0,0
"Only If",0,2014,7,39,18,0
"Space Colony: Steam Edition",14.99,2015,4,74,0,0
"So Many Me",14.99,2014,7,78,0,0
"Rise of Venice",24.99,2013,9,66,0,1
"Nancy Drew® Dossier™: Resorting to Danger!",6.99,2009,11,77,0,0
"Forsaken World",0,2011,6,69,0,1
"Rome: Total War™ - Collection",9.99,2007,8,92,0,1
"Perimeter 2: New Earth",14.99,2009,2,43,0,1
"Portal 2",19.99,2011,4,95,0,0
"Nancy Drew®: Warnings at Waverly Academy",6.99,2010,1,76,0,0
"Red Faction Guerrilla Steam Edition",19.99,2009,9,82,0,1
"Puzzle Quest: Galactrix",9.99,2009,2,72,0,1
"Grand Ages: Medieval",39.99,2015,9,63,0,1
"Quantum Conundrum",8.99,2012,6,77,0,0
"The Longest Journey",9.99,2007,5,91,0,0
"The Magic Circle",19.99,2015,7,80,0,0
"RollerCoaster Tycoon® 3: Platinum",19.99,2008,3,81,0,0
Divekick,4.99,2013,8,73,0,1
"Tom Clancy's Ghost Recon Phantoms - NA",0,2014,4,70,16,1
"Geometry Wars: Retro Evolved",3.99,2007,6,76,0,0
"The Banner Saga",19.99,2014,1,80,0,0
"Aviary Attorney",14.99,2015,12,77,0,0
BioShock™,19.99,2007,8,96,17,0
"The Book of Unwritten Tales",19.99,2012,7,82,0,0
"Football Manager 2016",49.99,2015,11,81,0,1
"Holy Potatoes! A Weapon Shop?!",14.99,2015,7,69,0,0
"Command & Conquer 3: Tiberium Wars",14.99,2009,11,85,0,0
"Eschalon: Book III",14.99,2014,2,67,0,0
"Vancouver 2010™ - The Official Video Game of the Olympic Winter Games",0,2010,2,57,0,1
"Vertiginous Golf",9.99,2015,5,63,0,1
"Avernum 2: Crystal Souls",19.99,2015,1,78,0,0
"The Red Solstice",19.99,2015,7,74,0,1
"Burn Zombie Burn!",9.99,2010,8,72,0,0
"Septerra Core",4.99,2013,9,72,0,0
"Starseed Pilgrim",5.99,2013,4,83,0,0
"Dangerous Waters",14.99,2006,2,82,0,1
Turba,4.99,2010,7,76,0,0
"Plants vs. Zombies GOTY Edition",4.99,2009,5,87,0,0
"The Legend of Heroes: Trails in the Sky",19.99,2014,7,85,0,0
F.E.A.R.,9.99,2010,5,88,17,0
"Line Of Defense Tactics - Tactical Advantage",9.99,2014,3,47,13,0
"Guardians of Graxia",4.99,2010,11,55,0,0
"That Dragon, Cancer",14.99,2016,1,78,0,0
Oxenfree,19.99,2016,1,80,0,0
"Master of Orion 3",0,2016,2,64,0,0
"Global Ops: Commando Libya",4.99,2011,10,37,0,1
"Deus Ex: The Fall",9.99,2014,3,45,17,0
"Pixel Galaxy",9.99,2015,10,68,0,0
"Rulers of Nations",19.99,2014,7,63,0,1
"Abyss Odyssey",14.99,2014,7,69,13,0
"Company of Heroes: Opposing Fronts",19.99,2007,9,87,18,1
"Alien Rage - Unlimited",19.99,2013,9,52,17,1
"LEGO® Indiana Jones™: The Original Adventures",19.99,2009,7,78,0,0
TimeShift™,19.99,2009,7,71,0,1
"Vector Thrust",24.99,2015,7,57,0,1
Ironcast,14.99,2015,3,75,0,0
"Ring Runner: Flight of the Sages",9.99,2013,11,75,0,1
Nimbus,9.99,2010,10,80,0,0
"STAR WARS™ Jedi Knight II - Jedi Outcast™",9.99,2009,9,89,0,1
"Fight The Dragon",14.99,2014,12,76,0,1
"Ghost Master®",4.99,2006,12,81,0,0
"Tetrobot and Co.",9.99,2013,10,72,0,0
"Cubemen 2",7.99,2013,4,68,0,1
"Rampage Knights",11.99,2015,9,80,0,1
"Full Spectrum Warrior: Ten Hammers",9.99,2007,7,70,0,1
FEZ,9.99,2013,5,91,0,0
Spelunky,14.99,2013,8,90,0,0
"The Detail",5.99,2014,10,77,17,0
"White Night",14.99,2015,3,68,17,0
"Sherlock Holmes versus Jack the Ripper",9.99,2009,12,73,0,0
"Lords Of The Fallen™",19.99,2014,10,73,17,0
"PixelJunk™ Monsters Ultimate",9.99,2013,8,72,0,1
Firewatch,19.99,2016,2,81,0,0
"Blazing Angels® 2: Secret Missions of WWII",9.99,2008,5,72,0,1
QUAKE,9.99,2007,8,94,0,1
"Kero Blaster",9.99,2015,11,82,0,0
"Our Darker Purpose",14.99,2014,1,74,0,0
"Civilization IV®: Warlords",4.99,2007,4,84,0,0
"The Sims™ 3",19.99,2011,1,86,0,0
"Dream Pinball 3D",6.99,2012,9,61,0,1
"The Preposterous Awesomeness of Everything",9.99,2016,2,57,0,0
"Day of Defeat",4.99,2003,5,79,0,1
"The Secret World",29.99,2012,8,74,17,1
"Bionic Dues",9.99,2013,10,71,0,0
"Batman: Arkham Asylum Game of the Year Edition",19.99,2010,3,91,0,0
"Sniper: Ghost Warrior",7.99,2010,6,55,0,1
"Dreamfall: The Longest Journey",19.99,2007,1,75,0,0
"Secret Files 3",9.99,2012,9,67,0,0
Proteus,9.99,2013,1,80,0,0
"Wizardry 8",9.99,2013,9,85,0,0
"Brothers in Arms: Hell's Highway™",9.99,2008,10,79,17,0
"Delta Force: Black Hawk Down",14.99,2009,6,77,0,1
"Arma 2: Operation Arrowhead",19.99,2010,6,73,17,1
"Max Payne 2: The Fall of Max Payne",9.99,2008,1,86,17,0
"Slybots: Frantic Zone",6.99,2016,1,65,0,0
"Renegade Ops",15,2011,10,76,0,1
Kairo,4.99,2013,4,76,0,0
"System Shock 2",9.99,2013,5,92,17,0
Dream,16.99,2015,7,59,0,0
Darksiders™,19.99,2010,9,83,17,0
"Prince of Persia: The Two Thrones™",9.99,2008,11,85,17,0
"Warhammer® 40,000: Dawn of War® II Chaos Rising",19.99,2010,3,85,17,1
"Saints Row IV",14.99,2013,8,86,17,0
"CivCity: Rome",9.99,2007,4,67,0,0
"Don't Starve",14.99,1970,1,79,0,0
"Solar 2",9.99,2011,6,72,0,0
"Moebius: Empire Rising",14.99,2014,4,54,0,0
"Dungeons - The Dark Lord",19.99,2011,9,72,17,1
"Deep Black: Reloaded",29.99,2012,4,39,0,1
"Choplifter HD",9.99,2012,1,65,0,0
"Overclocked: A History of Violence",14.99,2015,4,70,0,0
"Mass Effect 2",19.99,2010,1,94,17,0
"Life is Feudal: Your Own",39.99,2015,11,63,0,1
"Stephen's Sausage Roll",29.99,2016,4,89,0,0
Watch_Dogs™,29.99,2014,5,77,17,1
"Soul Axiom",19.99,2016,2,57,0,0
Pid,9.99,2012,10,63,0,0
"STAR WARS™ The Clone Wars™ - Republic Heroes™",19.99,2009,10,46,0,0
Overture,4.99,2015,2,76,0,0
"Shift 2 Unleashed",19.99,2011,3,84,0,1
"Sniper: Ghost Warrior 2",19.99,2013,3,52,17,1
"Goat Simulator",9.99,2014,4,62,0,0
"STAR WARS™ Republic Commando™",9.99,2009,7,78,0,0
"Kingdoms of Amalur: Reckoning™",19.99,2012,2,81,17,0
Deathsmiles,19.99,2016,3,78,0,0
"Battlefield 2: Complete Collection",0,2009,10,91,0,0
"Pineview Drive",19.99,2014,7,58,0,0
"Mega Coin Squad",14.99,2014,8,56,0,0
"Anomaly: Warzone Earth",9.99,2011,4,80,0,0
"Bowl Bound College Football",19.99,2015,9,80,0,0
"Grow Home",7.99,2015,2,75,0,0
Legendary,2.99,2008,12,50,17,0
ICY,12.99,2015,7,56,0,0
Kholat,19.99,2015,6,64,0,0
"Door Kickers",19.99,2014,10,82,0,0
Chariot,14.99,2014,11,76,0,0
"A Story About My Uncle",12.99,2014,5,73,0,0
"S.T.A.L.K.E.R.: Call of Pripyat",19.99,2010,2,80,0,1
"Dungeon Defenders",14.99,2011,10,81,0,1
Gyromancer,5.99,2009,11,71,0,0
"Dominique Pamplemousse",4.99,2014,3,62,0,0
DEADBOLT,9.99,2016,3,78,0,0
Devilian,0,2015,12,63,17,1
"Test Drive Unlimited 2",19.99,2011,2,72,0,1
"Nancy Drew®: Ransom of the Seven Ships",6.99,2009,7,78,0,0
ENKI,9.99,2015,7,43,0,0
"Prince of Persia: Warrior Within™",9.99,2008,11,83,17,0
"Galcon Fusion",9.99,2010,2,68,0,1
"Order of Battle: Pacific",39.99,2015,4,81,0,1
"IL-2 Sturmovik: Battle of Stalingrad",49.99,2014,10,74,0,1
"Company of Heroes 2 - The Western Front Armies",0,2014,6,80,17,1
"Rise of the Argonauts",9.99,2009,1,59,17,0
"D4: Dark Dreams Don’t Die -Season One-",14.99,2015,6,67,13,0
"Peggle™ Nights",4.99,2008,10,76,0,0
"Ionball 2: Ionstorm",4.99,2014,6,70,0,0
"Dragon Age: Origins",19.99,2009,11,91,17,0
"Infested Planet",14.99,2014,3,75,0,0
HOARD,9.99,2011,4,65,0,1
"Space Empires V",14.99,2006,10,68,0,1
Obliteracers,14.99,2016,2,81,0,1
"Akaneiro: Demon Hunters",0,2014,11,53,0,0
"NOBUNAGA'S AMBITION: Sphere of Influence",59.99,2015,9,70,0,0
"American Conquest",4.99,2011,8,76,0,0
"The Cat Lady",9.99,2013,12,81,0,0
"Star Conflict",0,2013,2,75,0,1
"Inside My Radio",14.99,2015,5,68,0,0
VVVVVV,4.99,2010,9,81,0,0
"Clan of Champions",39.99,2012,10,42,18,1
"Dirty Bomb®",0,2015,6,63,0,1
"Read Only Memories",19.99,2015,10,80,0,0
Sunset,19.99,2015,5,66,0,0
"Max Payne",9.99,2008,1,89,17,0
"Genesis Rising",4.99,2007,8,57,0,1
"AI War: Fleet Command",9.99,2009,10,80,0,1
"Back to the Future: The Game",19.99,2010,12,74,0,0
"Sonic the Hedgehog 4 - Episode II",14.99,2012,5,54,0,0
"Eschalon: Book I",5.99,2009,2,75,0,0
Homesick,14.99,2015,5,72,0,0
"The Stanley Parable",14.99,2013,10,88,0,0
"Karmaflow: The Rock Opera Videogame - Act I & Act II",4.99,2015,5,47,0,0
"Darkstar One",7.99,2008,2,71,0,0
"RACE Injection",12.99,2011,11,72,0,1
"Cross of the Dutchman",8.99,2015,9,59,0,0
"Penumbra: Requiem",0,1970,1,67,0,0
"Face Noir",9.99,2013,10,59,0,0
"Grey Goo",29.99,2015,1,77,0,1
"Legends of Eisenwald",19.99,2015,7,71,0,0
"Call of Duty®: Modern Warfare® 2",19.99,2009,11,86,0,1
UnEpic,12.99,2014,7,68,16,1
"WRC 5 FIA World Rally Championship",39.99,2015,10,65,0,1
Vessel,19.99,2012,3,81,0,0
Obscuritas,19.99,2016,3,63,0,0
"Shadow Blade: Reload",14.99,2015,8,70,0,0
"Tom Clancy's Splinter Cell Chaos Theory®",9.99,2009,8,92,0,1
"Red Faction II",9.99,2009,8,64,0,0
"World In Conflict",9.99,2008,12,89,0,1
Windforge,9.99,2014,3,53,0,0
"Strike Vector",11.99,2014,1,73,0,1
"Super MNC",0,2012,4,76,0,1
"The Incredible Adventures of Van Helsing",14.99,2013,5,72,0,1
Spellweaver,0,2016,2,61,0,1
Dinocide,9.99,2016,1,51,0,0
"Zombie Army Trilogy",44.99,2015,3,72,0,0
"Sniper Elite: Nazi Zombie Army",14.99,2013,2,62,0,0
PONCHO,14.99,2015,11,62,0,0
"Galactic Civilizations® I: Ultimate Edition",9.99,2012,8,83,0,0
"Final Exam",9.99,2013,11,66,0,1
"Freedom Force",4.99,2009,5,90,0,1
"Lost Planet™: Extreme Condition",14.99,2007,6,66,0,1
"Thrillville®: Off the Rails™",9.99,2009,7,70,0,0
"Company of Heroes 2 - The British Forces",12.99,2015,9,80,17,1
"Penumbra Overture",9.99,2009,3,73,17,0
"Chaos Reborn",19.99,2015,10,85,0,1
NecroVision,4.99,2009,5,63,0,1
"Civilization IV: Beyond the Sword",9.99,2007,7,86,0,0
Kromaia,19.99,2014,10,68,0,0
"Galactic Civilizations® II: Ultimate Edition",19.99,2011,12,92,0,0
Oblitus,14.99,2015,2,69,0,0
"Super Meat Boy",14.99,2010,11,87,0,0
"DC Universe™ Online",0,2011,11,72,0,1
"Age of Wonders Shadow Magic",9.99,2010,10,82,0,1
"Impossible Creatures Steam Edition",9.99,2015,11,72,0,1
"Tower of Guns",14.99,2014,3,76,0,0
Shatter,9.99,2010,3,84,0,0
"Perimeter: Emperor's Testament",3.99,2014,5,72,0,1
Demigod,9.99,2011,12,76,0,1
"Dracula Origin",9.99,2008,8,70,0,0
Lucius,9.99,2012,10,59,18,0
Outlast,19.99,2013,9,80,0,0
"Guild Wars: Eye of the North®",19.99,2010,10,79,0,1
"Half-Life 2: Episode Two",7.99,2007,10,90,0,0
"Duke Nukem Forever",19.99,2011,6,54,17,1
"A Bird Story",4.99,2014,11,66,0,0
"Command & Conquer 3: Kane's Wrath",19.99,2009,11,77,0,1
"Medieval II: Total War™",19.99,2007,11,88,0,1
Zenzizenzic,9.99,2015,7,85,0,0
"Call of Juarez® Gunslinger",14.99,2013,5,79,18,0
"Battlefleet Gothic: Armada",39.99,2016,4,78,0,1
"Guild Wars Factions<sup>®</sup>",19.99,2009,4,84,0,1
"LEGO® Indiana Jones™ 2: The Adventure Continues",19.99,2010,2,66,0,0
Harold,9.99,2015,2,70,0,0
"Fallout Tactics: Brotherhood of Steel",9.99,2009,8,82,16,1
"Deponia Doomsday",29.99,2016,3,77,0,0
CLANNAD,49.99,2015,11,83,0,0
"Blades of Time",9.99,2012,4,63,17,1
"King's Bounty: Armored Princess",9.99,2009,11,82,0,0
"Railroad Pioneer",4.99,2014,7,50,0,1
"King's Bounty: Warriors of the North",12.99,2012,10,74,0,0
Breakneck,4.99,2016,2,76,0,0
"Project CARS",29.99,2015,5,83,0,1
"Neverending Nightmares",14.99,2014,9,68,0,0
"FINAL FANTASY® XIV: A Realm Reborn™",19.99,2014,2,83,0,1
"Analogue: A Hate Story",9.99,2012,4,62,0,0
Ziggurat,14.99,2014,10,76,0,0
"King Arthur: Fallen Champions",4.99,2011,9,54,0,0
"Gremlins, Inc.",14.99,2016,3,73,0,1
"Nancy Drew®: The Creature of Kapu Cave",6.99,2009,7,68,0,0
"Back to the Future: The Game",19.99,2010,12,74,0,0
Cloudbuilt,19.99,2014,3,72,0,0
"X: Beyond the Frontier",4.99,2010,10,67,0,0
"Castle In The Darkness",9.99,2015,2,76,0,0
"Lords of Xulima",19.99,2014,11,71,0,0
"Alien: Isolation",49.99,2014,10,81,16,0
"S.T.A.L.K.E.R.: Clear Sky",9.99,2008,9,75,0,1
"Space Hulk Ascension",29.99,2014,11,72,0,0
"Grand Theft Auto: San Andreas",14.99,2011,1,93,17,0
Stacking,9.99,2012,3,80,0,0
"Rayman® Origins",19.99,2012,3,86,0,0
"Making History II: The War of the World",14.99,2010,8,38,0,1
Memoria,49.99,2013,8,79,0,0
"Jagged Alliance: Crossfire",19.99,2012,8,63,0,0
"Painkiller Redemption",4.99,2011,2,43,0,0
"Chess 2: The Sequel",9.99,2014,8,62,0,1
"Risen 3 - Titan Lords",19.99,2014,8,65,17,0
"Sid Meier's Starships",14.99,2015,3,64,0,0
"Sorcerer King",24.99,2015,7,75,0,0
"There Came an Echo",14.99,2015,2,58,0,0
"Ghost Pirates of Vooju Island",9.99,2015,1,66,0,0
"Bookworm™ Adventures Volume 2",4.99,2009,7,79,0,0
Platformines,9.99,2014,3,67,0,0
"Dangerous High School Girls in Trouble!™",19.99,2009,2,81,0,0
"Far Cry 3",19.99,2012,12,88,17,1
"The First Templar - Steam Special Edition",19.99,2011,5,57,0,1
"Assassin's Creed™: Director's Cut Edition",19.99,2008,4,79,17,0
"King's Bounty: The Legend",6.99,2009,5,79,0,0
Evoland,9.99,2013,4,61,0,0
NightCry,24.99,2016,3,53,0,0
"Vertical Drop Heroes HD",6.99,2014,7,70,0,1
"Frozen Hearth",17.99,2013,12,46,0,1
"Ground Control Anthology",4.99,2015,7,86,0,1
"Warlock - Master of the Arcane",24.99,2012,5,71,0,1
"Fate of the World",9.99,2011,2,70,0,0
"Blood II: The Chosen + Expansion",4.99,2014,7,72,17,0
"Natural Selection 2",9.99,2012,10,80,0,1
Helldorado,9.99,2009,4,65,0,0
"Meridian: New World",6.99,2014,9,43,0,0
"Homeworld: Deserts of Kharak",49.99,2016,1,79,0,1
"Shovel Knight",14.99,2014,6,85,0,0
"Ashes of the Singularity",44.99,2016,3,68,0,1
"Theatre of War",3.99,2010,7,66,0,1
Gomo,4.99,2013,12,50,0,0
"Carmageddon: Reincarnation",29.99,2015,5,54,18,1
"Axiom Verge",19.99,2015,5,80,0,0
"Cannon Fodder 3",14.99,2012,8,49,0,0
"Tony Tough and the Night of Roasted Moths",9.99,2015,5,68,0,0
"STRIDER™ / ????????®",14.99,2014,2,78,0,0
"Keep Talking and Nobody Explodes",14.99,2015,10,67,0,0
"Men of War: Condemned Heroes",7.99,2012,4,57,0,1
"Iron Brigade",14.99,2012,8,75,0,1
Element4l,8.99,2013,5,77,0,0
"Still Life 2",7.99,2011,6,67,17,0
"Disciples II: Gallean's Return",6.49,2006,7,84,0,1
Astebreed,14.99,2014,5,86,0,0
"Penumbra: Black Plague Gold Edition",9.99,2009,1,78,17,0
"Infinity Runner",6.99,2014,7,56,0,1
DeathSpank,14.99,2010,10,77,0,0
"YAIBA: NINJA GAIDEN Z",29.99,2014,3,49,0,0
"Brutal Legend",14.99,2013,2,80,0,1
"Strong Bad's Cool Game for Attractive People: Season 1",19.99,2008,12,82,0,0
"Whispering Willows",9.99,2014,7,64,0,0
"YOU DON’T KNOW JACK®",0,2011,2,71,0,0
Minimum,9.99,2014,9,69,0,1
"Chronicles of Mystery: The Scorpio Ritual",4.99,2009,6,62,0,0
nail'd,4.99,2010,11,69,0,0
"Hitman: Absolution™",19.99,2012,11,79,17,0
DeadCore,9.99,2014,10,78,0,0
"BioShock® 2",19.99,2010,2,88,17,1
"Pier Solar and the Great Architects",14.99,2014,9,73,0,1
"Shadow Ops: Red Mercury",6.99,2014,7,61,13,1
"The Banner Saga: Factions",0,2013,2,67,0,1
"Heroes of Normandie",29.99,2015,10,65,0,1
"Castlevania: Lords of Shadow 2",39.99,2014,2,58,17,0
"Bloody Good Time",4.99,2010,10,73,0,1
"Warhammer 40,000: Space Marine",29.99,2011,9,74,17,1
Outland,9.99,2014,9,83,0,0
"F.E.A.R. 3",19.99,2011,6,74,17,1
"Gabriel Knight: Sins of the Fathers 20th Anniversary Edition",19.99,2014,10,74,0,0
"Dark Messiah of Might & Magic",9.99,2006,10,72,17,1
"In Between",11.99,2015,8,68,0,0
"Ace Combat Assault Horizon - Enhanced Edition",19.99,2013,1,77,0,1
"IL-2 Sturmovik: 1946",9.99,2008,6,86,0,1
"Endless Legend™",29.99,2014,9,82,0,1
Antichamber,19.99,2013,1,82,0,0
"QUAKE III: Team Arena",19.99,2007,8,69,0,1
"The Great Escape",3.99,2016,1,54,0,0
"Hard West",19.99,2015,11,73,0,0
Kalimba,9.99,2015,4,81,0,0
"The Lord of the Rings Online",0,2012,6,86,0,0
"Evochron Mercenary",19.99,2012,1,70,0,1
"Always Sometimes Monsters",9.99,2014,5,73,0,0
"Deus Ex: Human Revolution - Director's Cut",19.99,2013,10,91,17,0
DreadOut,14.99,2014,5,55,0,0
"COAST GUARD",19.99,2015,10,47,0,0
"War of the Vikings",24.99,2014,4,62,0,1
"Half-Life: Blue Shift",4.99,2001,6,71,0,0
"The Sum of All Fears",9.99,2008,10,72,0,1
"Avernum: Escape From the Pit",9.99,2012,4,76,0,0
"The Bridge",9.99,2013,2,74,0,0
"Ghostbusters: The Videogame",9.99,2009,6,74,0,0
"Panzer Tactics HD",9.99,2014,5,69,0,0
SOMA,29.99,2015,9,84,17,0
"Before the Echo",4.99,2011,10,70,0,0
Hexodius,9.99,2013,6,47,0,0
"Post Apocalyptic Mayhem",9.99,2011,3,44,0,1
"Hotel Giant 2",7.99,2010,1,58,0,0
"The Witness",39.99,2016,1,87,0,0
Trauma,6.99,2011,8,62,0,0
140,4.99,2013,10,80,0,0
Tharsis,14.99,2016,1,61,0,0
"UFO: Afterlight",6.99,2014,1,71,0,0
"Alan Wake's American Nightmare",9.99,2012,5,73,0,0
"Dungeon Hearts",2.99,2013,3,73,0,0
"The Bug Butcher",7.99,2016,1,81,0,0
"American Truck Simulator",19.99,2016,2,76,0,0
"Space Hulk",24.99,2013,8,58,0,1
Mushihimesama,19.99,2015,11,86,0,0
"Bientôt l'été",9.99,2013,2,62,0,1
"Lost Planet: Extreme Condition Colonies Edition",19.99,2010,2,70,0,1
"Leap of Fate",15.99,2016,3,79,0,0
BRINK,19.99,2011,5,70,0,1
"Gone Home",19.99,2013,8,86,0,0
"15 Days",9.99,2015,4,63,0,0
"Angry Video Game Nerd Adventures",9.99,2013,9,77,0,0
Braid,14.99,2009,4,90,0,0
"Tomb Raider: Underworld",8.99,2008,11,80,0,0
Transistor,19.99,2014,5,83,0,0
Confrontation,19.99,2012,4,51,0,1
"DOOM II",4.99,2007,8,83,0,1
Prototype™,19.99,2009,6,79,17,0
"LEGO® Marvel™ Super Heroes",19.99,2013,10,78,0,0
"Jade Empire™: Special Edition",14.99,2007,2,81,0,0
"Dino D-Day",9.99,2011,4,53,0,1
Home,2.99,2012,8,69,0,0
"Cities in Motion 2",19.99,2013,4,72,0,1
La-Mulana,14.99,2013,4,80,0,0
"Need For Speed: Hot Pursuit",19.99,2010,12,86,0,1
"Dungelot: Shattered Lands",9.99,2016,2,78,0,0
"Lost Horizon 2",19.99,2015,10,60,0,0
Concursion,4.99,2014,6,66,0,0
Penarium,9.99,2015,9,80,0,0
"Magnetic: Cage Closed",14.99,2015,5,61,0,0
"Richard & Alice",5.99,2014,6,70,0,0
"Train Valley",9.99,2015,9,69,0,0
"Watchmen: The End is Nigh",4.99,2009,3,61,17,1
"Nostradamus: The Last Prophecy",4.99,2014,4,70,0,0
"Kane & Lynch 2: Dog Days",9.99,2010,8,66,17,1
"Call of Duty® 2",19.99,2006,10,86,0,1
Capsized,9.99,2011,4,80,0,0
Firefall,0,2014,7,60,0,1
"Europa Universalis III: Divine Wind",9.99,2011,1,71,0,1
"Doc Clock: The Toasted Sandwich of Time",4.99,2010,10,62,0,0
"Stick it to The Man!",14.99,2013,12,83,0,0
"Riven: The Sequel to MYST",5.99,2010,8,83,0,0
"Between Me and The Night",14.99,2016,1,62,0,0
"Monaco: What's Yours Is Mine",14.99,2013,4,83,0,1
"Maelstrom: The Battle for Earth Begins",4.99,2009,2,58,0,0
"Battle Academy 2: Eastern Front",39.99,2014,9,78,0,1
"Hyperdimension Neptunia Re;Birth1",29.99,2015,1,72,0,0
"The Castle Doctrine",15.99,2014,1,58,0,1
"Trapped Dead",4.99,2011,7,50,0,1
"Sniper Elite",9.99,2009,7,76,0,0
Portal,9.99,2007,10,90,0,0
"Zeno Clash",9.99,2009,4,77,0,0
CastleStorm,9.99,2013,7,73,0,1
Contrast,14.99,2013,11,62,0,0
"Call of Duty®: Advanced Warfare - Gold Edition",59.99,2014,11,78,17,1
"The Blackwell Legacy",4.99,2012,1,80,0,0
Jotun,14.99,2015,9,79,0,0
"Secret Files 2: Puritas Cordis",9.99,2009,10,64,0,0
"Constant C",9.99,2014,3,60,0,0
"Her Story",5.99,2015,6,86,0,0
"Obscure II (Obscure: The Aftermath)",9.99,2014,3,59,0,0
"Endless Space® - Emperor Edition",29.99,2012,7,77,0,1
"Big Pharma",24.99,2015,8,72,0,0
"Hitman: Codename 47",6.99,2007,3,73,17,0
"AR-K: The Great Escape",7.99,2015,7,78,0,0
"System Shock: Enhanced Edition",9.99,2015,10,85,0,0
"Dungeons of Dredmor",4.99,2011,7,79,0,0
Skullgirls,9.99,2013,8,83,0,1
"The Inner World",14.99,2013,9,72,0,0
"Offworld Trading Company",39.99,2016,4,84,0,1
"Anno 2070™",19.99,2011,11,83,0,1
Pressure,7.99,2013,3,64,0,1
"Legacy of Kain: Soul Reaver 2",6.99,2012,12,77,17,0
"Ys Origin",19.99,2012,5,76,0,0
"AaAaAA!!! - A Reckless Disregard for Gravity",9.99,2009,9,81,0,0
"Alone in the Dark",9.99,2013,10,55,17,0
"Call of Duty®: Ghosts",59.99,2014,3,68,17,1
"GRID Autosport",39.99,2014,6,78,0,1
"Total War™: ROME II - Emperor Edition",59.95,2013,9,76,0,1
"Unreal Tournament 3 Black",19.99,2009,3,83,17,1
APOX,14.99,2011,1,48,0,1
"Dark Fall: The Journal",4.99,2013,12,68,0,0
"Fortix 2",1.99,2011,5,74,0,0
"The Golf Club",29.99,2014,8,70,0,1
"FIM Speedway Grand Prix 15",24.99,2015,11,68,0,1
"Shooting Stars!",4.99,2016,1,59,0,0
"Thunder Wolves",9.99,2013,5,69,16,0
Primordia,9.99,2012,12,72,0,0
"The Dark Eye: Chains of Satinav",19.99,2012,6,75,0,0
"Joe Dever's Lone Wolf HD Remastered",14.99,2014,11,78,0,0
"BattleBlock Theater®",14.99,2014,5,85,0,1
Machinarium,9.99,2009,10,85,0,0
"Tom Clancy's Rainbow Six Lockdown™",9.99,2008,5,59,17,1
"Baldur's Gate: Enhanced Edition",19.99,2013,1,78,0,1
"Teleglitch: Die More Edition",12.99,2013,7,78,0,0
Roundabout,14.99,2014,9,75,0,0
"The Ship: Murder Party",9.99,2006,7,76,0,1
"Mortal Kombat X",39.99,2015,4,76,17,1
"Devil May Cry 4",19.99,2009,12,78,0,0
SkyDrift,9.99,2011,11,73,0,1
LUMINES™,9.99,2008,4,74,0,0
"Sang-Froid - Tales of Werewolves",14.99,2013,4,79,0,0
"The Darkness II",29.99,2012,2,77,17,0
"Tom Clancy's Ghost Recon® Desert Siege™",4.99,2008,7,82,17,1
FATE,7.99,2013,12,80,0,0
"Pacific Storm",7.99,2008,6,67,0,1
"Black Mirror II",9.99,2014,4,71,0,0
"Ninja Reflex: Steamworks Edition",4.99,2008,3,57,0,1
Interloper,11.99,2015,5,77,0,1
"Men of War: Vietnam",7.99,2011,9,68,0,1
Cubetractor,9.99,2013,5,75,0,0
Unrest,14.99,2014,7,65,0,0
"Post Mortem",7.99,2011,8,71,0,0
"Crimzon Clover WORLD IGNITION",9.99,2014,6,85,0,0
Risen,9.99,2009,10,77,17,0
"The Tiny Bang Story",4.99,2011,4,63,0,0
"Frontlines™: Fuel of War™",19.99,2008,2,73,0,0
Armello,19.99,2015,9,75,0,1
"Company of Heroes 2 - Ardennes Assault",29.99,2014,11,81,17,0
"Anomaly Defenders",9.99,2014,5,70,0,0
"Space Siege",14.99,2008,8,60,0,1
"Metro: Last Light Redux",19.99,2014,8,76,0,0
"Tropico 5",24.99,2014,5,75,0,1
"Age of Empires® III: Complete Collection",39.99,2012,1,81,0,1
"Bookworm Adventures Deluxe",4.99,2007,1,82,0,0
Cobalt,19.99,2016,2,69,0,1
"The Banner Saga 2",19.99,2016,4,83,0,0
"Tom Clancy's Splinter Cell®",9.99,2008,4,91,0,0
"Take On Helicopters",19.99,2011,10,70,0,1
"Commandos 2: Men of Courage",3.99,2007,3,87,0,1
"Lichdom: Battlemage",39.99,2014,8,69,0,0
"Euro Truck Simulator 2",34.99,2013,1,79,0,0
"Warrior Kings: Battles",9.99,2014,5,64,0,0
"Deus Ex: Invisible War",6.99,2007,3,80,0,0
"Shadow Warrior (Classic)",0,2014,5,73,0,1
"Red Goddess: Inner World",9.99,2015,8,53,0,0
Waveform,1.99,2012,3,81,0,0
"Mayan Death Robots",14.99,2015,11,69,0,0
"Lord of the Rings: War in the North",19.99,2011,11,66,0,1
"Alpha Protocol™",14.99,2010,6,72,17,0
"Battle: Los Angeles",9.99,2011,3,38,0,0
Qvadriga,19.99,2014,6,72,0,0
"Humans Must Answer",5.99,2014,1,55,0,0
"World of Goo",9.99,2008,10,90,0,0
"Garshasp: The Monster Slayer",4.99,2011,5,49,0,0
"The Witcher 2: Assassins of Kings Enhanced Edition",19.99,2012,4,88,17,0
"Blood of the Werewolf",1.99,2013,10,65,0,0
"Full Spectrum Warrior",9.99,2007,7,80,0,1
"The Lost Crown",9.99,2014,6,71,0,0
"Alien Breed: Impact",9.99,2010,6,64,0,0
"Corpse Party",14.99,2016,4,73,17,0
"Cossacks: European Wars",4.99,2011,8,74,0,0
"Starpoint Gemini 2",34.99,2014,9,70,0,0
"Strong Bad's Cool Game for Attractive People: Season 1",19.99,2008,12,82,0,0
"PlanetSide 2",0,2012,11,84,0,1
"Swords and Sorcery - Underworld - Definitive Edition",14.99,2015,12,66,0,0
"Who's That Flying?!",5.99,2011,1,76,0,0
"Painkiller: Black Edition",9.99,2007,1,81,17,1
Euclidean,4.99,2015,9,65,0,0
"Calvino Noir",14.99,2015,8,55,0,0
"Rise of the Tomb Raider™",59.99,2016,1,86,17,0
"Lords of Football",19.99,2013,4,52,0,0
Convoy,14.99,2015,4,72,0,0
"Supreme Commander",14.99,2011,9,86,0,1
"Kentucky Route Zero",24.99,2013,2,81,0,0
"Paper Sorcerer",4.99,2014,1,73,0,0
"Hector: Badge of Carnage - Full Series",19.99,2011,8,75,0,0
"Rise of Flight United",0,2013,9,77,0,1
"Brothers in Arms: Earned in Blood™",9.99,2008,10,84,17,0
Quantz,9.99,2009,9,67,0,0
"Citizens of Earth",14.99,2015,1,66,0,0
"How to Survive",14.99,2014,8,60,0,1
"Sneaky Sneaky",4.99,2014,11,63,0,0
"Mushroom Men: Truffle Trouble",11.99,2015,3,55,0,0
"The Maw",9.99,2009,3,75,0,0
"Cthulhu Saves the World",2.99,2011,7,78,0,0
"Serious Sam HD: The Second Encounter",29.99,2010,4,76,0,1
"Fallout: New Vegas",9.99,2010,10,84,16,0
Insurgency,14.99,2014,1,74,0,1
"A Valley Without Wind",14.99,2012,4,54,0,1
Viridi,0,2015,8,46,0,0
"Rogue Legacy",14.99,2013,6,85,0,0
"Call of Juarez™",9.99,2007,11,72,17,1
rymdkapsel,7.99,2014,1,77,0,0
"Bad Bots",4.99,2013,5,49,0,0
Dungeonland,0,2013,11,67,0,1
"The Last Express Gold Edition",6.99,2013,11,82,0,0
"Ridge Racer™ Unbounded",9.99,2012,3,72,0,0
"Frozen Synapse",24.99,2011,5,85,0,1
Soundodger+,7.99,2013,10,78,0,0
"STAR WARS™ - The Force Unleashed™ II",19.99,2010,10,59,0,0
"SOL: Exodus",7.99,2012,1,57,0,0
"Left 4 Dead",19.99,2008,11,89,0,1
"RACE 07",3.99,2007,10,83,0,1
"Ether One",19.99,2014,3,82,0,0
"Bus Driver",9.99,2014,6,61,0,0
"Call of Duty®: Black Ops II",59.99,2012,11,74,17,1
"Nancy Drew ®: Danger on Deception Island",6.99,2009,10,81,0,0
Galacide,9.99,2015,7,76,0,0
Sora,8.99,2016,1,73,0,0
"Desperados: Wanted Dead or Alive",4.99,2013,11,78,0,0
"RollerCoaster Tycoon® 2: Triple Thrill Pack",9.99,2014,5,74,0,0
"Ironclad Tactics",14.99,2013,9,69,0,1
"Max Payne 3",19.99,2012,5,87,17,1
"Europa Universalis: Rome - Gold Edition ",9.99,2008,12,79,0,1
"Sacred Gold",9.99,2008,7,74,0,0
"The Elder Scrolls IV: Oblivion® Game of the Year Edition",19.99,2009,6,94,17,0
"Earth Defense Force: Insect Armageddon",9.99,2011,12,69,0,1
"Rogue Warrior",9.99,2009,12,29,17,1
"Dungeon Siege",6.99,2011,4,86,0,0
"DARK SOULS™ II",39.99,2014,4,91,0,1
"BADLAND: Game of the Year Edition",9.99,2015,5,79,0,0
"Batman™: Arkham Origins",19.99,2013,10,74,13,1
"Warhammer Quest",14.99,2015,1,55,0,0
"The Deer God",14.99,2015,2,59,0,0
Shadowgrounds,6.99,2006,5,74,17,0
"The Weaponographist",9.99,2015,4,58,0,0
"World War III: Black Gold",4.99,2013,9,71,0,1
"Brothers - A Tale of Two Sons",14.99,2013,9,90,0,0
"The Guild II Renaissance",9.99,2010,7,56,0,0
"Call of Duty: United Offensive",19.99,2006,10,87,0,1
"Project: Snowblind",5.99,2007,3,76,0,1
"Cloud Chamber",19.99,2014,8,74,0,1
"A Walk in the Dark",6.99,2013,11,67,0,0
"STAR WARS™ Knights of the Old Republic™ II - The Sith Lords™",9.99,2012,8,85,0,0
Citadels,14.99,2013,7,20,0,0
"Sanctum 2",14.99,2013,5,77,0,1
"Skyward Collapse",4.99,2013,5,64,0,1
"DiRT Showdown",14.99,2012,5,72,0,1
"Shadowrun: Dragonfall - Director's Cut",14.99,2014,9,87,0,0
Metrocide,12.99,2014,12,68,0,0
"Red Faction",9.99,2009,8,78,0,1
"Section 8®: Prejudice™",9.99,2011,5,77,0,0
"Blood Bowl 2",44.99,2015,9,76,0,1
"Path of Exile",0,2013,10,86,0,1
"Agarest: Generations of War",14.99,2014,2,45,0,0
"PAYDAY™ The Heist",14.99,2011,10,76,17,0
Glare,9.99,2013,10,69,0,0
"Goodbye Deponia",19.99,2013,10,80,0,0
"Mata Hari",9.99,2009,7,63,0,0
"The Yawhg",9.99,2014,2,66,0,0
"The Book of Unwritten Tales: The Critter Chronicles",19.99,2012,12,73,0,0
"Murdered: Soul Suspect",29.99,2014,6,59,17,0
"Thief: Deadly Shadows",8.99,2007,3,85,0,0
"Just Cause 2",14.99,2010,3,84,17,0
"Kohan: Ahriman's Gift",9.99,2011,8,79,0,1
AudioSurf,9.99,2008,2,85,0,0
Sheltered,14.99,2016,3,67,0,0
"SPORE™ Galactic Adventures",19.99,2009,6,70,0,0
"Beyond Sol",14.99,2015,10,83,0,1
"Absolute Drift",11.99,2015,7,66,0,0
Jamestown,9.99,2011,6,81,0,0
"I, Zombie",1.99,2014,12,65,0,0
Snapshot,9.99,2012,8,74,0,0
"Bejeweled Twist",4.99,2008,11,78,0,0
"Sword Coast Legends",19.99,2015,10,61,0,1
"The Escapists: The Walking Dead",17.99,2015,9,66,0,0
"Railroad Tycoon 3",9.99,2007,5,80,0,1
"Croixleur Sigma",7.99,2014,4,56,0,0
"Nexus - The Jupiter Incident",9.99,2007,7,77,0,1
"RC Cars",2.99,2014,4,65,0,1
"Tales From Space: Mutant Blobs Attack",7.99,2012,8,83,0,0
"Sword of the Stars II: Enhanced Edition",19.99,2012,11,65,0,1
"Trials Fusion™",19.99,2014,4,80,0,1
Evolve,39.99,2015,2,77,17,1
"10,000,000",4.99,2013,1,67,0,0
"Mount & Blade: With Fire & Sword",9.99,2011,5,68,0,1
"Fallout 3",9.99,2008,10,91,17,0
"Just Cause™ 3",59.99,2015,11,74,17,0
"Dragon Age™: Origins Awakening",19.99,2010,3,82,17,0
"Panzer Corps",19.99,2014,3,80,0,1
"Warhammer 40,000: Armageddon",39.99,2014,11,68,0,1
GRID™,14.99,2008,6,87,0,0
"Divine Divinity",5.99,2012,7,81,0,0
"Prison Architect",29.99,2015,10,83,0,0
"ShootMania Storm",19.99,2013,4,76,0,1
"Giana Sisters: Twisted Dreams - Rise of the Owlverlord",4.99,2013,9,84,0,0
"Act of Aggression",44.99,2015,9,71,0,1
"Mr. Robot",9.99,2008,11,83,0,0
"Saints Row: Gat out of Hell",14.99,2015,1,66,0,0
"The Talos Principle",39.99,2014,12,85,0,0
"Sid Meier's Pirates!",9.99,2005,7,88,0,0
"Tales of Monkey Island Complete Pack",19.99,2009,7,79,0,0
"Red Game Without A Great Name",4.99,2015,12,55,0,0
Praetorians,4.99,2014,4,78,0,1
"Unstoppable Gorg",9.99,2012,1,73,0,0
"POSTAL 2",9.99,2012,11,59,18,0
"Counter-Strike: Source",19.99,2004,11,88,0,1
"A Game of Dwarves",9.99,2012,10,60,0,0
"Yar's Revenge",9.99,2011,4,56,0,1
"Far Cry® 2: Fortune's Edition",9.99,2008,10,85,17,1
"Gemini: Heroes Reborn",14.99,2016,1,54,13,0
"Wargame: Airland Battle",19.99,2013,5,80,0,1
Botanicula,9.99,2012,5,82,0,0
"Tales of Monkey Island Complete Pack",19.99,2009,7,79,0,0
"Dragon Age: Origins - Ultimate Edition",29.99,2010,10,91,17,0
"Day of Defeat: Source",9.99,2010,7,80,0,1
"Madballs in Babo:Invasion ",4.99,2009,9,79,0,1
"Last Word",9.99,2015,5,67,0,0
TERA,0,2015,5,77,0,1
SAGA,0,2015,8,61,0,1
RIFT,0,2011,3,84,0,1
"PuzzleQuest: Challenge of the Warlords",9.99,2008,1,84,0,1
"Assassin's Creed 2 Deluxe Edition",19.99,2010,3,86,17,0
"Hard to Be a God",9.99,2015,8,55,0,0
"Jet Car Stunts",6.99,2014,5,57,0,1
Homefront,19.99,2011,3,70,17,1
"Painkiller: Black Edition",9.99,2007,1,81,17,1
"Gratuitous Space Battles",14.99,2009,11,72,0,1
"The Next BIG Thing",9.99,2011,4,75,0,0
Dishonored,19.99,2012,10,91,17,0
"Watchmen: The End is Nigh Part 2",4.99,2009,7,44,17,0
LUFTRAUSERS,9.99,2014,3,80,0,0
Darksiders™,19.99,2010,9,83,17,0
"Guns, Gore & Cannoli",9.99,2015,4,74,0,0
"Cities in Motion",19.99,2011,2,70,0,0
"Sid Meier's Civilization IV: Colonization",19.99,2008,9,83,0,1
Harvester,5.99,2014,4,53,17,0
"Drawn™: Dark Flight",9.99,2016,1,75,0,0
NaissanceE,14.99,2014,2,66,0,0
"Gravity Ghost",14.99,2015,1,75,0,0
"Xpand Rally",4.99,2006,8,82,0,1
"Massive Assault Network 2",14.99,2009,11,72,0,1
"STAR WARS™ Battlefront™ II",9.99,2009,7,78,0,0
"Europa Universalis III Complete",14.99,2009,2,83,0,1
"Gas Guzzlers Extreme",24.99,2013,10,73,0,1
"The Raven - Legacy of a Master Thief",24.99,2013,7,74,0,0
"Crazy Machines",9.99,2008,12,78,0,0
"Shadows: Heretic Kingdoms",19.99,2014,11,74,0,0
Neverwinter,0,2013,12,74,0,1
"Enter the Gungeon",14.99,2016,4,84,0,0
"Gettysburg: Armored Warfare",9.99,2012,3,22,0,1
"LEGO Harry Potter: Years 5-7",19.99,2012,1,80,0,0
"Signal Ops",9.99,2013,11,61,0,0
"Crazy Machines 1.5",9.99,2008,12,78,0,0
McPixel,4.99,2012,9,76,0,0
"Medal of Honor™",19.99,2010,10,72,17,1
"Duck Game",12.99,2015,6,82,0,1
"The Elder Scrolls V: Skyrim",19.99,2011,11,94,17,0
"Spiral Knights",0,2011,6,64,0,1
"Steel Storm: Burning Retribution",14.99,2011,5,55,0,1
"Sid Meier's Civilization® IV",19.99,2006,10,94,0,1
"To End All Wars",39.99,2014,8,71,0,1
"Tomb Raider",19.99,2013,3,86,17,1
"Robin Hood: The Legend of Sherwood",7.99,2011,8,80,0,0
"Crayon Physics Deluxe",19.99,2009,5,79,0,0
"Syberia II",12.99,2011,5,80,0,0
Rigonauts,9.99,2012,8,60,0,0
Anachronox,6.99,2013,10,77,13,0
"Shadowgrounds Survivor",9.99,2007,11,79,17,0
"Total War: Shogun 2 - Fall of the Samurai",29.99,2012,3,86,0,1
"Fenix Rage",14.99,2014,9,75,0,0
"MDK2 HD",14.99,2012,7,73,0,0
"Bob Came in Pieces",6.99,2010,1,73,0,0
"Mount & Blade: Warband",19.99,2010,3,78,0,1
"Zombie Vikings",19.99,2015,12,74,0,1
"Ultimate General: Gettysburg",14.99,2014,10,84,0,1
"The Guild II - Pirates of the European Seas",9.99,2010,6,63,0,0
Nihilumbra,7.99,2013,10,75,0,0
"Rayman® Legends",29.99,2013,9,89,0,0
"Road Not Taken",14.99,2014,8,75,0,0
"NEON STRUCT",17.99,2015,5,62,0,0
Resonance,9.99,2012,7,76,0,0
"God Mode",9.99,2013,4,58,17,1
"Vietnam ‘65",9.99,2015,3,81,0,0
"Amnesia: A Machine for Pigs",19.99,2013,9,72,0,0
"Worms Ultimate Mayhem",14.99,2011,9,66,0,1
"Delta Force: Xtreme",19.99,2009,6,65,0,1
"Crookz - The Big Heist",24.99,2015,8,74,0,0
Thief,29.99,2014,2,70,17,0
"Trine 2: Complete Story",19.99,2013,6,84,0,1
"Titan Quest",14.99,2007,7,77,0,1
DEFCON,9.99,2006,9,84,0,1
"F1 RACE STARS™",14.99,2012,11,62,0,1
"Shadow Warrior",39.99,2013,9,73,18,0
"Battlefield: Bad Company™ 2",19.99,2010,3,87,17,1
"Circa Infinity",9.99,2015,9,80,0,0
"Men of Valor",9.99,2016,2,71,0,1
"resident evil 4 / biohazard 4",19.99,2014,2,79,16,0
Ceres,19.99,2015,10,74,0,0
"America's Army 3",0,2009,6,70,0,1
MouseCraft,9.99,2014,7,72,0,0
"The Testament of Sherlock Holmes",19.99,2012,9,73,0,0
"Lords of the Realm II",2.99,2015,12,77,0,0
"Zoo Empire",6.99,2015,9,59,0,0
Deathtrap,19.99,2015,2,77,0,1
"Magical Eyes - Red is for Anguish",14.99,2016,3,79,0,0
"Ys: The Oath in Felghana",14.99,2012,3,73,0,0
"Armada 2526",14.99,2011,4,66,0,0
"Command & Conquer 4: Tiberian Twilight",19.99,2010,3,64,0,1
"Oscura: Lost Light",6.99,2015,2,66,0,0
"Back to the Future: The Game",19.99,2010,12,74,0,0
"Five Nights at Freddy's 3",7.99,2015,3,68,0,0
ZHEROS,14.99,2016,2,58,0,0
"A.R.E.S.: Extinction Agenda",9.99,2011,1,68,0,0
"Defense Technica",14.99,2013,10,63,0,0
"Defense Grid: The Awakening",9.99,2008,12,81,0,0
"SpellForce 2: Faith in Destiny",14.99,2012,6,55,0,1
"Tropico 3 - Steam Special Edition",9.99,2009,10,79,0,0
"Gray Matter",9.99,2014,4,72,0,0
"Risk of Rain",9.99,2013,11,77,0,1
"Portal 2",19.99,2011,4,95,0,0
"The Flame in the Flood",19.99,2016,2,73,0,0
"Else Heart.Break()",24.99,2015,9,79,0,0
"80 Days",9.99,2015,9,84,0,0
"Three Fourths Home: Extended Edition",4.99,2015,3,77,0,0
"Orcs Must Die!",9.99,2011,10,83,0,0
"LEGO The Lord of the Rings",19.99,2012,11,80,0,0
"MX vs. ATV Unleashed",9.99,2015,4,71,0,1
"Total War: ATTILA",44.99,2015,2,80,0,1
"Dungeon of the Endless™",11.99,2014,10,79,0,1
"Crysis Warhead®",19.99,2008,9,84,17,0
"The Impossible Game",4.99,2014,5,64,0,0
"Delta Force: Task Force Dagger",9.99,2009,6,51,0,1
"Commander: Conquest of the Americas",0,2010,7,68,0,0
"Galactic Civilizations III",39.99,2015,5,81,0,1
"Cities: Skylines",29.99,2015,3,85,0,0
"The Legend of Heroes: Trails in the Sky SC",29.99,2015,10,80,0,0
"Hearts of Iron III",9.99,2009,8,77,0,1
"Rocketbirds: Hardboiled Chicken",9.99,2012,10,74,0,1
"Neighbours from Hell Compilation",9.99,2013,11,69,0,0
"Worms Reloaded",19.99,2010,8,79,0,1
"Shadowgate (2014)",14.99,2014,8,68,0,0
"Silence of the Sleep",16.99,2014,10,66,0,0
"METAL GEAR SOLID V: THE PHANTOM PAIN",59.99,2015,9,91,18,1
"Sherlock Holmes: The Silver Earring",9.99,2009,8,68,0,0
"Imperium Romanum Gold Edition",9.99,2008,11,63,0,0
"The Secret of Monkey Island: Special Edition",9.99,2009,7,86,0,0
Sengoku,9.99,2011,9,70,0,1
"Theatre of War 3: Korea",19.99,2011,3,49,0,1
"Memento Mori 2",24.99,2014,5,65,0,0
"Deadly Premonition: The Director's Cut",24.99,2013,10,59,17,0
Nova-111,14.99,2015,8,68,0,0
Cubemen,3.99,2012,3,74,0,1
"Escape Dead Island",19.99,2014,11,52,17,0
"Vertex Dispenser",9.99,2011,6,70,0,1
"Tom Clancy's Splinter Cell Double Agent®",9.99,2009,2,80,17,1
"Aura: Fate of the Ages",4.99,2010,10,63,0,0
"Nancy Drew®: The Haunting of Castle Malloy",6.99,2009,7,81,0,0
"Nelly Cootalot: The Fowl Fleet",19.99,2016,3,81,0,0
Lemma,14.99,2015,5,73,0,0
"Saints Row 2",9.99,2009,1,72,17,0
"Danganronpa: Trigger Happy Havoc",29.99,2016,2,83,0,0
"Iron Grip: Warlord",0,2008,12,59,0,1
"Stronghold HD",5.99,2013,10,81,0,1
"Thomas Was Alone",9.99,2012,11,77,0,0
Zombeer,9.99,2015,1,32,17,0
"Ninja Senki DX",4.99,2016,2,72,0,0
"Cossacks II: Napoleonic Wars",4.99,2011,8,73,0,0
Daylight,9.99,2014,4,51,16,0
"The Deadly Tower of Monsters",14.99,2016,1,73,0,0
"Time Gentlemen, Please! and Ben There, Dan That! Special Edition  Double Pack",4.99,2009,8,84,0,0
"Resident Evil™ 5/ Biohazard 5®",19.99,2009,9,86,17,1
"Rome: Total War™ - Alexander",4.99,2007,8,79,0,1
"StarDrive 2",29.99,2015,4,70,0,0
"Unreal 2: The Awakening",14.99,2008,3,75,17,0
"Half-Life 2",9.99,2004,11,96,0,0
"Miner Wars 2081",9.99,2012,11,52,0,1
"Way of the Samurai 4",24.99,2015,7,72,0,0
"Tom Clancy's Rainbow Six® Vegas 2",9.99,2008,4,78,17,1
"Blood: One Unit Whole Blood",4.99,2014,7,82,17,0
"Moon Hunters",14.99,2016,3,63,0,1
"Ubersoldier II",9.99,2014,3,62,0,0
"The Mighty Quest For Epic Loot",0,2014,2,64,0,1
"Earth 2150 Trilogy",6.99,2013,11,78,0,1
"Transformers™: War for Cybertron™",19.99,2010,6,75,0,1
"GT Legends",7.99,2012,11,84,0,1
"Disney G-Force",19.99,2014,10,61,0,0
"Railroad Tycoon II Platinum",4.99,2007,5,89,0,0
"Space Pirates and Zombies",9.99,2011,8,74,0,0
"Fantasy Wars",4.99,2010,8,67,0,1
SPINTIRES™,29.99,2014,6,67,0,1
"Depths of Peril",9.99,2010,11,79,0,0
"Might & Magic: Heroes VI",19.99,2011,10,77,0,0
"A Pixel Story",11.99,2015,3,74,0,0
"The Club™",14.99,2008,2,67,0,1
DISTRAINT,4.99,2015,10,76,0,0
Screencheat,14.99,2014,10,71,0,1
"Disciples III - Resurrection",19.99,2011,10,63,0,0
"Need for Speed Undercover",9.99,2008,12,65,0,1
"Memento Mori",12.99,2012,11,66,17,0
"Franchise Hockey Manager 2",19.99,2015,9,79,0,1
"Icewind Dale: Enhanced Edition",19.99,2014,10,80,0,1
"Nancy Drew®: Last Train to Blue Moon Canyon",6.99,2009,10,77,0,0
"Iron Front: Digital War Edition",14.99,2012,5,55,0,1
"Theatre of War 2: Africa 1943",8.99,2010,7,63,0,1
"Restaurant Empire II",19.99,2009,5,64,0,0
"Grim Dawn",24.99,2016,2,83,0,1
"Titan Souls",14.99,2015,4,74,0,0
"LOST ORBIT",11.99,2015,5,72,0,0
"Fallen Enchantress: Ultimate Edition",39.99,2012,10,78,0,0
"DARK SOULS™: Prepare To Die™ Edition",19.99,2012,8,85,17,1
"DYNASTY WARRIORS 8: Xtreme Legends Complete Edition",49.99,2014,5,71,0,0
"And Yet It Moves",9.99,2009,4,75,0,0
INK,4.99,2015,8,68,0,0
EDGE,7.99,2011,8,74,0,0
"Thief™ II: The Metal Age",6.99,2012,5,87,17,0
"Beyond Divinity",5.99,2012,10,73,0,0
"Megabyte Punch",14.99,2013,10,69,0,0
Volume,19.99,2015,8,80,0,0
"Plain Sight",4.99,2010,4,76,0,1
"PixelJunk™ Eden",9.99,2012,2,81,0,0
"Dawn of Discovery™",9.99,2009,6,82,0,0
AirBuccaneers,0,1970,1,74,0,1
"Sir, You Are Being Hunted",19.99,2014,5,63,0,1
"F1 2013",24.99,2013,10,77,0,1
"Patrician IV - Steam Special Edition",19.99,2010,9,66,0,0
"Stories: The Path of Destinies",14.99,2016,4,75,0,0
RIDE,39.99,2015,3,68,0,1
"Mercenary Kings",19.99,2014,3,76,12,1
"Resident Evil: Operation Raccoon City",29.99,2012,5,48,17,1
"Scribblenauts Unlimited",19.99,2012,11,75,0,0
"Call of Duty® 4: Modern Warfare®",19.99,2007,11,92,17,1
"Emerald City Confidential™",9.99,2009,8,71,0,0
"Octodad: Dadliest Catch",14.99,2014,1,69,0,0
Crashlands,14.99,2016,1,78,0,0
"Heroes of Might & Magic V: Tribes of the East",9.99,2008,10,70,0,0
"Rocket Knight",14.99,2010,5,63,0,0
Counter-Strike,9.99,2000,11,88,0,1
"Space Rangers HD: A War Apart",14.99,2013,10,68,0,0
"Life Goes On",12.99,2014,4,73,0,0
"The Wolf Among Us",24.99,2013,10,85,17,0
"Dead Space™ 2",19.99,2011,1,87,0,1
"Victor Vran ARPG",19.99,2015,7,75,0,1
"Assetto Corsa",44.99,2014,12,85,0,1
"Nosferatu: The Wrath of Malachi",9.99,2014,3,70,0,0
"Megamagic: Wizards of the Neon Age",14.99,2016,4,69,0,0
"Medal of Honor: Airborne",9.99,2009,10,78,0,1
"Sonic & SEGA All-Stars Racing",9.99,2010,3,65,0,0
iRacing,9.99,2015,1,79,0,1
Miasmata,14.99,2012,11,76,0,0
"Mini Metro",9.99,2015,11,77,0,0
"The Last Remnant™",9.99,2009,4,66,0,0
"Intrusion 2",9.99,2012,9,80,0,0
Guncraft,14.99,2013,8,73,0,1
Shank,9.99,2010,10,67,17,0
4PM,2.99,2014,7,41,0,0
Damnation,9.99,2009,5,41,17,1
"Alice: Madness Returns",19.99,2011,6,75,17,0
"Independence War® 2: Edge of Chaos",5.99,2015,5,83,0,0
Armikrog,24.99,2015,9,57,0,0
"Hatoful Boyfriend",9.99,2014,9,68,0,0
"The Lord of the Rings Online",0,2012,6,86,0,0
"Delta Force Land Warrior",9.99,2009,6,74,0,1
Aquaria,9.99,2008,12,82,0,0
"DUNGEONS - Steam Special Edition",14.99,2011,2,65,0,0
"Foul Play",14.99,2013,9,69,0,0
"Making History: The Calm & the Storm",4.99,2007,3,70,0,1
Bloodsports.TV,9.99,2015,3,69,0,1
"Grandia® II Anniversary Edition",19.99,2015,8,80,0,0
"Counter-Strike: Condition Zero",9.99,2004,3,65,0,1
Magicka,9.99,2011,1,74,0,1
"Tales of Monkey Island Complete Pack",19.99,2009,7,79,0,0
"Primal Carnage",7.99,2012,10,67,0,1
"Star Trek Online",0,2012,1,76,0,1
"The Novelist",14.99,2013,12,66,0,0
"Massive Assault",9.99,2009,11,77,0,0
"Serious Sam 3: BFE",99.99,2011,11,72,0,1
Nidhogg,14.99,2014,1,81,0,1
"Rise of Nations: Extended Edition",19.99,2014,6,89,0,1
"The Charnel House Trilogy",5.99,2015,4,68,0,0
Dyad,14.99,2013,4,80,0,0
Alternativa,12.99,2010,11,63,0,0
"Hell Yeah! Wrath of the Dead Rabbit",14.99,2012,10,64,0,0
"DOOM 3",9.99,2007,8,87,17,1
"Bejeweled® 3",4.99,2010,12,82,0,0
"Unity of Command: Stalingrad Campaign",19.99,2012,10,84,0,1
"The Count Lucanor",9.99,2016,3,79,0,0
"Blocks That Matter",4.99,2011,8,72,0,0
Stairs,12.99,2015,9,65,0,0
"Myst V",9.99,2012,3,80,0,0
"Disgaea PC",19.99,2016,2,74,0,0
"Fallout: New Vegas",9.99,2010,10,84,16,0
"Syder Arcade",9.99,2013,10,76,0,0
"MIND: Path to Thalamus Enhanced Edition",8.99,2014,8,75,0,0
Warframe,0,2013,3,68,17,1
"Warhammer® 40,000™: Dawn of War® II",19.99,2009,2,85,17,1
Deponia,49.99,2012,8,74,0,0
Ikaruga,9.99,2014,2,84,0,0
"I am Bread",12.99,2015,4,60,0,0
"Gumboy - Crazy Adventures™",4.99,2006,12,69,0,0
"Curse: The Eye of Isis",2.99,2014,8,63,0,0
Cibele,8.99,2015,11,71,18,0
"Kill to Collect",19.99,2016,4,57,16,1
"BeatBlasters III",9.99,2014,2,56,0,0
"Incoming Forces",9.99,2014,3,67,0,0
"Among the Sleep",14.99,2014,5,66,0,0
"Battle Worlds: Kronos",19.99,2013,11,71,0,1
"Half Minute Hero: Super Mega Neo Climax Ultimate Boy",9.99,2012,9,75,0,1
Windward,9.99,2015,5,61,0,1
"The Aquatic Adventure of the Last Human",9.99,2016,1,76,0,0
"Elven Legacy",4.99,2009,4,71,0,1
Psychonauts,9.99,2006,10,87,0,0
"Original War",4.99,2014,1,61,0,1
"Crusader Kings II",39.99,2012,2,82,0,1
Toren,9.99,2015,5,57,0,0
"Universe Sandbox",9.99,2011,4,83,0,0
"Medal of Honor™",19.99,2010,10,72,17,1
"Dark Fall: Lost Souls",12.99,2010,4,75,0,0
"Serious Sam 2",9.99,2012,1,74,0,1
"Supreme Ruler 2020 Gold",9.99,2009,7,65,0,1
"Far Cry®",9.99,2008,4,89,17,0
"Blacklight: Tango Down",0.99,2010,7,65,0,1
"Sword of the Stars: The Pit",12.99,1970,1,68,0,0
"Buzz Aldrin's Space Program Manager",29.99,2014,10,62,0,1
JUJU,19.99,2014,12,65,0,0
"Woolfe - The Red Hood Diaries",9.99,2015,3,55,0,0
"Silent Storm Gold Edition",9.99,2013,10,83,0,0
"BIT.TRIP FATE",9.99,2013,7,74,0,0
"1979 Revolution: Black Friday",11.99,2016,4,82,0,0
"Son of Nor",19.99,2015,4,54,0,1
"Gods Will Be Watching",9.99,2014,7,64,16,0
"Ori and the Blind Forest",0,2015,3,88,0,0
"F.E.A.R. 2: Project Origin",14.99,2009,2,79,17,1
"Dungeon Siege II",6.99,2005,8,80,0,0
"The Order of the Thorne - The King's Challenge",9.99,2016,1,71,0,0
"M.U.D. TV",9.99,2010,4,53,0,0
Altitude,0,2009,12,79,0,1
"theHunter: Primal",19.99,2015,3,49,0,1
"Titan Quest - Immortal Throne",14.99,2007,7,80,0,0
"X2: The Threat",4.99,2006,7,72,0,0
Journal,9.99,2014,2,59,0,0
"Half Minute Hero: The Second Coming",9.99,2014,4,79,0,1
"Naval Warfare",2.99,2011,5,57,0,1
"Shadow Warrior",39.99,2013,9,73,18,0
"Hero Academy",4.99,2012,8,75,0,1
"Toki Tori",4.99,2010,1,80,0,0
"The Walking Dead",24.99,2012,4,82,17,0
"Arma 2",12.99,2009,6,77,17,1
"Drox Operative",19.99,2014,2,74,0,1
CreaVures,4.99,2011,2,55,0,0
"Anno 2205™",59.99,2015,11,72,0,0
"Tomb Raider: Legend",6.99,2007,3,82,0,0
"Driver San Francisco",19.99,2011,9,80,0,1
"Assassin’s Creed® Rogue",29.99,2015,3,74,17,0
"Zuma's Revenge!",4.99,2009,9,78,0,0
"Dementium II HD",4.99,2013,12,37,17,0
"Resident Evil Revelations / Biohazard Revelations",29.99,2013,5,77,17,0
"LEGO® Jurassic World",39.99,2015,6,72,0,0
"Men of War™",4.99,2009,5,80,0,1
WildStar,0,2016,5,82,0,1
"American Conquest: Fight Back",4.99,2011,8,66,0,0
"The Marvellous Miss Take",19.99,2014,11,69,0,0
"Special Forces: Team X",9.99,2013,2,48,18,1
"Terrian Saga: KR-17",4.99,2014,7,83,0,0
"Tom Clancy's Ghost Recon®",9.99,2008,7,80,17,0
Lucidity™,5.99,2009,10,59,0,0
"The Next Penelope",12.99,2015,5,82,0,1
SMITE,0,2015,9,83,0,1
Osmos,9.99,2009,8,80,0,0
"Fair Strike",3.99,2015,4,56,0,0
Cogs,9.99,2009,4,73,0,0
" Fieldrunners 2",9.99,2013,1,73,0,0
"Eador: Masters of the Broken World",19.99,2013,4,74,0,1
FlatOut,7.49,2007,2,72,0,1
"Legacy of Kain: Defiance",6.99,2012,12,70,17,0
"X Rebirth",29.99,2013,11,33,0,0
"Cossacks II: Battle for Europe",4.99,2011,8,69,0,1
"Air Conflicts: Secret Wars",7.99,2011,9,65,0,1
TRISTOY,6.99,2015,1,49,0,0
"Spacebase DF-9",9.99,2014,10,49,0,0
"Thief™ Gold",6.99,2012,5,92,17,0
MotoGP™14,29.99,2014,6,76,0,1
"RISK™: Factions",9.99,2011,3,77,0,1
"Tunnel Rats",19.99,2009,5,30,0,0
"Urban Trial Freestyle",6.99,2013,9,58,0,0
"Giana Sisters: Twisted Dreams",14.99,2012,10,77,0,1
"Codename: Panzers, Phase Two",14.99,2016,2,80,0,1
"EVE Online",19.99,2010,12,88,0,1
"Shadow Puppeteer",14.99,2014,9,57,0,0
"MoonBase Commander",5.99,2014,2,77,0,1
"Trials Evolution: Gold Edition",19.99,2013,3,85,0,1
"Insanely Twisted Shadow Planet",14.99,2012,4,76,0,1
Undertale,9.99,2015,9,92,0,0
"Assassin's Creed 2 Deluxe Edition",19.99,2010,3,86,17,0
"Killing Floor",19.99,2009,5,72,17,1
"FlatOut: Ultimate Carnage",19.99,2008,8,79,0,1
"Master Reboot",14.99,2013,10,59,0,0
"From Dust",14.99,2011,8,76,0,0
"TRI: Of Friendship and Madness",14.99,2014,10,74,0,0
"SpellForce - Platinum Edition",9.99,2009,11,74,0,0
"Warhammer® 40,000: Dawn of War® - Game of the Year Edition",12.99,2007,8,86,17,1
"Audiosurf 2",14.99,2015,5,76,0,0
"Montague's Mount",9.99,2013,11,39,0,0
"Skulls of the Shogun",9.99,2013,7,72,0,1
"Tales of Monkey Island Complete Pack",19.99,2009,7,79,0,0
"The Bureau: XCOM Declassified",19.99,2013,8,66,17,0
"Chroma Squad",14.99,2015,4,75,0,0
"Dead Rising 2: Off the Record",19.99,2011,10,66,17,0
"Lucius II",19.99,2015,2,48,0,0
"Beyond Eyes",14.99,2015,8,60,0,0
Depth,24.99,2014,11,65,0,1
"Wings of Prey",9.99,2010,1,78,0,0
"Battlefield: Bad Company 2 Vietnam",14.99,2010,12,86,17,1
Obscure,6.99,2014,3,63,0,0
"Death Track®: Resurrection",2.99,2009,5,53,0,0
"Gothic® 3",9.99,2009,12,63,0,0
"Heroes of Might & Magic V: Hammers of Fate",9.99,2008,10,66,0,0
"Tactical Intervention",0,2013,10,47,0,1
"Armed and Dangerous®",5.99,2009,7,78,0,0
ArcheAge,0,2015,3,80,17,1
"Rock of Ages",9.99,2011,9,74,0,1
Redshirt,9.99,2013,11,62,0,0
"Chantelise - A Tale of Two Sisters",9.99,2011,7,62,0,0
"Hitman GO: Definitive Edition",7.99,2016,2,73,10,0
Shank,9.99,2010,10,67,17,0
"Dear Esther",9.99,2012,2,75,0,0
"Alpha Prime",4.99,2007,11,59,17,0
"The Showdown Effect",9.99,2013,3,67,0,1
"Alter Ego",9.99,2010,8,59,0,0
"Sins of a Solar Empire®: Rebellion",39.99,2012,6,82,0,1
"Call of Duty®: Black Ops",39.99,2010,11,81,17,1
Inquisitor,9.99,2013,8,64,18,0
"Tropico 4: Steam Special Edition",14.99,2011,9,78,0,0
"Ninja Blade",9.99,2009,11,61,0,0
"Call of Duty®",19.99,2006,10,91,0,1
"Two Worlds II",19.99,2011,2,76,17,1
"Greed Corp",9.99,2010,12,76,0,1
Multiwinia,9.99,2008,9,76,0,1
"Talisman: Digital Edition",14.99,2014,2,51,0,1
realMYST,5.99,2010,8,66,0,0
"The Incredible Adventures of Van Helsing: Final Cut",44.99,2015,11,79,0,1
"Fray: Reloaded Edition",0,2012,6,27,0,1
"Thirty Flights of Loving",4.99,2012,8,88,0,0
"The Sims™ 3",19.99,2011,1,86,0,0
"Lost Horizon",9.99,2010,9,77,0,0
Hektor,9.99,2015,3,55,0,0
"I Can't Escape: Darkness",11.99,2015,9,40,0,0
"Disciples III - Renaissance Steam Special Edition",19.99,2010,7,56,0,1
"Marvel Heroes 2016",0,2013,6,81,0,0
"Call of Duty®: Advanced Warfare - Gold Edition",59.99,2014,11,78,17,1
"Uncanny Valley",9.99,2015,4,67,0,0
Driftmoon,14.99,2014,1,73,0,0
"Call of Juarez®: The Cartel",9.99,2011,9,51,0,1
"Deus Ex: Game of the Year Edition",6.99,2007,3,90,0,1
Gunpowder,6.99,2015,7,76,0,0
"The Binding of Isaac",4.99,2011,9,84,0,0
Gunpoint,9.99,2013,6,83,0,0
"Good Robot",9.99,2016,4,69,0,0
"Valhalla Hills",29.99,2015,12,69,0,0
"Lumino City",19.99,2014,12,70,0,0
"Strong Bad's Cool Game for Attractive People: Season 1",19.99,2008,12,82,0,0
"Nancy Drew®: Danger by Design",6.99,2009,10,70,0,0
"Concrete Jungle",12.99,2015,9,76,0,0
DeathSpank,14.99,2010,10,77,0,0
"Men of War: Assault Squad",9.99,2011,2,77,0,1
"AquaNox 2: Revelation",4.99,2010,4,59,0,0
"Duels of the Planeswalkers Gold Deck Bundle",9.99,2011,5,69,0,0
Retrovirus,9.99,2013,1,70,0,1
"Mini Ninjas",9.99,2009,9,74,0,0
"Halo: Spartan Assault",4.99,2014,4,70,0,0
"The Age of Decadence",29.99,2015,10,81,0,0
"Baldur's Gate II: Enhanced Edition",19.99,2013,11,78,0,1
"Marc Eck?'s Getting Up: Contents Under Pressure",14.99,2013,12,69,0,0
"Rhiannon: Curse of the Four Branches",5.99,2014,5,67,0,0
Apotheon,14.99,2015,2,78,0,0
"Lethal League",13.99,2014,8,82,0,1
"Arma 3",39.99,2013,9,74,17,1
"Sid Meier's Civilization® V",29.99,2010,9,90,0,1
"Dragon's Dogma: Dark Arisen",29.99,2016,1,81,17,0
"Out of the Park Baseball 17",39.99,2016,3,93,0,1
Clutch,9.99,2009,7,51,0,0
"DiRT Rally",59.99,2015,12,86,0,1
"Age of Empires II HD",19.99,2013,4,68,0,1
"Rising Storm Game of the Year Edition",19.99,2013,5,82,0,1
"Painkiller Overdose",4.99,2007,10,65,17,1
"Command & Conquer: Red Alert 3",19.99,2009,1,82,0,0
"Kohan II: Kings of War",9.99,2011,8,81,13,1
"Cossacks: Back to War",4.99,2010,9,60,0,1
Haunted,14.99,2014,8,76,0,0
"Bulb Boy",9.99,2015,10,84,0,0
"Mad Max",59.99,2015,9,73,17,0
SKYHILL,14.99,2015,10,63,0,0
Manhunt,9.99,2008,1,75,17,0
"Darkest Dungeon",24.99,2016,1,84,0,0
"GoD Factory: Wingmen",19.99,2014,8,76,0,1
Rocksmith™,29.99,2012,10,78,0,0
"Battlestations Pacific",8.99,2009,5,74,0,1
Slain!,12.99,2016,3,41,0,0
"Nemesis of the Roman Empire",9.99,2016,1,74,0,0
"Fallen Enchantress: Legendary Heroes",24.99,2013,5,80,0,0
"Hitman 2: Silent Assassin",6.99,2007,3,87,0,0
"Codename: Panzers, Phase One",14.99,2016,2,81,0,1
NBA2K13,29.99,2012,10,90,0,0
"The Collider 2",9.99,2016,4,71,0,0
"Binary Domain",14.99,2012,4,68,0,1
"Puzzle Quest 2",9.99,2010,8,83,0,1
"Block N Load",0,2015,4,72,0,1
Borderlands,19.99,2009,10,81,17,1
"Pathologic Classic HD",12.99,2015,10,76,0,0
"TrackMania² Canyon",19.99,2013,2,81,0,1
"Thea: The Awakening",19.99,2015,11,73,0,0
Ryzom,0,2016,5,64,0,1
"Oceanhorn: Monster of Uncharted Seas",14.99,2015,3,73,0,0
"Toy Soldiers",9.99,2012,4,71,0,0
"Frozen Cortex",24.99,2015,2,79,0,1
"Kohan: Immortal Sovereigns",9.99,2011,8,87,0,1
"Europa Universalis IV",39.99,2013,8,87,0,1
"Basketball Pro Management 2015",19.99,2014,11,69,0,0
"Borderlands: The Pre-Sequel",39.99,2014,10,75,17,0
Rochard,9.99,2011,11,81,0,0
Teslagrad,9.99,2013,12,77,0,0
CALENDULA,6.99,2016,2,70,0,0
"Where is my Heart?",7.99,2014,5,74,0,0
"Legend of Grimrock",14.99,2012,4,82,0,0
"Guns of Icarus Online",9.99,2012,10,64,0,1
Storm,9.99,2013,6,63,0,0
"Punch Club",9.99,2016,1,73,0,0
"Quest for Infamy",9.99,2014,7,63,0,0
"Act of War: Direct Action",2.99,2008,3,82,0,1
"Ground Control II: Operation Exodus",4.99,2015,7,80,0,1
"Sniper Elite V2",29.99,2012,4,66,0,1
"Gumboy - Crazy Adventures™",4.99,2006,12,69,0,0
"Defenders of Time",0,2014,11,55,0,1
"Bionic Commando",9.99,2009,7,69,17,1
"Monday Night Combat",4.99,2011,1,82,0,1
"Victoria II",19.99,2010,8,75,0,1
"Dragons and Titans",0,2014,3,43,0,1
"PixelJunk™ Shooter",8.99,2013,11,73,0,0
"10 Second Ninja",9.99,2014,3,72,0,0
Epanalepsis,6.99,2015,5,48,0,0
"Hospital Tycoon",4.99,2009,2,51,0,0
Unmechanical,9.99,2012,8,74,0,0
"Painkiller Hell & Damnation",19.99,2012,10,64,0,1
"Costume Quest 2",14.99,2014,10,68,0,0
"Aliens vs. Predator™",14.99,2010,2,68,17,1
Dex,19.99,2015,5,62,0,0
Sacrifice,9.99,2009,8,89,0,0
Oknytt,4.99,2014,4,61,0,0
"Fallout 3: Game of the Year Edition",19.99,2009,12,91,17,0
"Critical Mass",1.99,2011,6,81,0,0
"Champions Online",0,2011,6,72,0,1
"Prince of Persia: The Forgotten Sands™",9.99,2010,6,75,0,0
"Perils of Man",9.99,2015,4,61,0,0
"A Druid's Duel",7.99,2015,2,70,0,1
"IL-2 Sturmovik: Cliffs of Dover",9.99,2011,7,60,0,1
"Red Orchestra 2: Heroes of Stalingrad with Rising Storm",19.99,2011,9,76,17,1
Shad'O,9.99,2012,9,68,0,0
"We Are The Dwarves",14.99,2016,2,60,0,0
"12 is Better Than 6",9.99,2015,11,74,0,0
"Noitu Love 2: Devolution",4.99,2012,4,80,0,0
"Samurai Gunn",14.99,2013,12,78,0,0
"E.T. Armies",14.99,2016,3,55,16,1
Shiftlings,14.99,2015,3,70,0,0
"The Room",4.99,2014,7,73,0,0
Chaser,4.99,2010,7,66,0,1
"STAR WARS™ Starfighter™",5.99,2009,7,71,0,0
"Warhammer 40,000: Deathwatch - Enhanced Edition",24.99,2015,10,74,0,0
"Assassin's Creed® Revelations",19.99,2011,11,80,17,1
"Poker Night at the Inventory",4.99,2010,11,71,0,0
"Devil Daggers",4.99,2016,2,83,0,0
"Mount & Blade",9.99,2008,11,72,0,0
"JumpJet Rex",9.99,2015,4,76,0,0
"Dead Space",19.99,2009,1,86,0,0
Qora,9.99,2014,10,63,0,0
"UFO: Extraterrestrials Gold",9.99,2010,2,68,0,0
"HEX: Shards of Fate",0,2016,4,87,0,1
"Hatoful Boyfriend: Holiday Star",9.99,2015,12,54,0,0
"Aarklash: Legacy",19.99,2013,9,72,0,0
"Magicka 2",14.99,2015,5,69,0,1
Bedlam,12.99,2015,10,54,0,0
"ARMED SEVEN",4.99,2015,3,67,0,0
"Layers of Fear",19.99,2016,2,72,0,0
"Wings! Remastered Edition",14.99,2014,10,61,0,0
"Waking Mars",9.99,2012,12,79,0,0
"Legend of Kay Anniversary",19.99,2015,7,64,0,0
"The Chaos Engine",9.99,2013,8,40,0,0
Pulse,14.99,2015,10,57,0,0
Loadout,0,2014,1,72,17,1
"Arma 2",12.99,2009,6,77,17,1
"Worms Clan Wars",24.99,2013,8,73,0,1
"Kaptain Brawe: A Brawe New World",6.99,2011,1,69,0,0
"War of the Roses",0,2013,2,73,0,1
Hacknet,9.99,2015,8,82,0,0
"Poker Night 2",4.99,2013,4,75,17,0
Eidolon,15,2014,8,64,0,0
Sokobond,9.99,2014,7,82,0,0
"Worms Revolution",14.99,2012,10,73,0,1
"F1 2010™",9.99,2010,9,84,0,1
Dropsy,9.99,2015,9,80,0,0
"The Blue Flamingo",4.99,2014,11,55,0,0
"King Arthur's Gold",9.99,2013,11,81,0,1
"Rogue Trooper",9.99,2007,3,69,0,1
"Might & Magic X - Legacy",24.99,2014,1,70,0,0
"Sacred 3",14.99,2014,8,57,17,1
"Counter-Strike: Condition Zero",9.99,2004,3,65,0,1
"NEO Scavenger",14.99,2014,12,77,0,0
"Satellite Reign",29.99,2015,8,75,0,0
"Strike Suit Infinity",6.99,2013,4,66,0,0
"Five Nights at Freddy's",4.99,2014,8,78,0,0
"Odallus: The Dark Call",14.99,2015,7,80,0,0
"Crysis Warhead®",19.99,2008,9,84,17,0
"The Incredible Adventures of Van Helsing III",14.99,2015,5,64,0,1
RAGE,19.99,2011,10,79,17,1
"Rebuild 3: Gangs of Deadsville",14.99,2015,5,75,0,0
"Two Worlds Epic Edition",9.99,2009,4,65,17,1
"Naval War: Arctic Circle",19.99,2012,4,64,0,1
Achron,19.99,2011,8,54,0,1
Jazzpunk,14.99,2014,2,75,0,0
"The Guest",9.99,2016,3,71,0,0
"Dark Fall 2: Lights Out",4.99,2013,12,66,0,0
"To the Moon",9.99,2012,9,81,0,0
"Dead Synchronicity: Tomorrow Comes Today",19.99,2015,4,70,0,0
"Bionic Commando: Rearmed",9.99,2009,7,86,17,0
"Call of Duty®: Ghosts",59.99,2014,3,68,17,1
"Torchlight II",19.99,2012,9,88,0,1
"Beat Hazard",9.99,2010,4,70,0,1
"The Swindle",14.99,2015,7,70,0,0
"Lara Croft and the Guardian of Light",9.99,2010,9,82,0,1
"Fallen Earth Free2Play",0,2012,2,71,0,1
"Imperial Glory",4.99,2014,4,69,0,1
"FINAL FANTASY IX",20.99,2016,4,82,13,0
"Sinking Island",7.99,2014,12,68,0,0
RUSH,4.99,2010,12,73,0,0
Luckslinger,12.99,2015,7,76,0,0
"Cities XXL",29.99,2015,2,47,0,0
"Hunted: The Demon’s Forge™",19.99,2011,5,61,0,0
"Hand of Fate",24.99,2015,2,78,0,0
"The Book of Unwritten Tales 2",29.99,2015,2,80,0,0
RONIN,12.99,2015,6,70,0,0
Kyn,19.99,2015,7,58,0,0
"X3: Reunion",9.99,2006,7,71,0,0
"The Guild Gold Edition",9.99,2014,9,82,0,1
"Cold War",4.99,2014,1,64,0,0
"Oil Rush",7.99,2012,1,67,0,1
"Battlefield: Bad Company 2 Vietnam",14.99,2010,12,86,17,1
"Desktop Dungeons",14.99,2013,11,82,0,0
"A New Beginning - Final Cut",9.99,2012,12,72,0,0
"Bloodline Champions",0,2011,10,79,0,1
"Iron Storm",2.99,2014,5,69,0,1
"Guacamelee! Gold Edition",14.99,2013,8,88,0,0
"Chaos on Deponia",19.99,2012,11,78,0,0
"Overlord II",9.99,2009,6,79,0,0
"Valdis Story: Abyssal City",14.99,2013,10,83,0,0
"The Last Door - Collector's Edition",9.99,2014,5,79,0,0
Enclave,4.99,2013,10,71,17,0
"SiN Episodes: Emergence",9.99,2006,5,75,0,0
"Takedown: Red Sabre",4.99,2014,2,34,0,1
"The Cave",14.99,2013,1,68,0,0
"FORCED: Slightly Better Edition",14.99,2013,10,72,0,1
"Far Cry® 4",39.99,2014,11,80,17,1
Perimeter,3.99,2014,4,77,0,1
"Prince of Persia®",9.99,2008,12,82,0,0
"Assault Android Cactus",14.99,2015,9,79,0,0
"Arx Fatalis",4.99,2007,4,77,0,0
"ibb & obb",11.99,2014,5,83,0,1
Runers,9.99,2014,9,68,0,0
"Avadon 2: The Corruption",9.99,2013,10,82,0,0
"Fable - The Lost Chapters",9.99,2011,12,83,17,0
Zeit²,9.99,2011,1,72,0,0
"Two Brothers",0,2013,12,57,0,0
"Darkest Hour: A Hearts of Iron Game",9.99,2011,4,81,0,1
"The Settlers®: Heritage of Kings",9.99,2008,7,58,0,0
"Weird Worlds: Return to Infinite Space",4.99,2013,3,79,0,0
"Super Hexagon",2.99,2012,11,88,0,0
"MirrorMoon EP",9.99,2013,9,73,0,0
"Magic: The Gathering - Duels of the Planeswalkers 2012",19.99,2011,6,77,0,1
"Mars: War Logs",14.99,2013,4,59,0,0
Contagion,9.99,2013,10,62,0,1
"Kane and Lynch: Dead Men™",6.99,2007,12,67,17,1
"The Sun at Night",4.99,2014,8,59,0,0
FOTONICA,9.99,2014,11,71,0,1
"Monkey Island™ 2 Special Edition: LeChuck’s Revenge™",9.99,2010,7,87,0,0
"Team Fortress 2",0,2007,10,92,0,1
"Runaway: A Twist of Fate",9.99,2011,4,79,0,0
Tengami,9.99,2015,1,57,0,0
"Magic 2015 - Duels of the Planeswalkers",9.99,2014,7,60,0,1
"Nancy Drew®: Legend of the Crystal Skull",6.99,2009,7,79,0,0
"Fist Puncher",9.99,2013,6,73,0,0
"Ryse: Son of Rome",19.99,2014,10,61,16,1
"Might & Magic: Duel of Champions",0,2013,11,84,0,1
SPORE™,19.99,2008,12,84,0,0
"Lethis - Path of Progress",19.99,2015,6,65,0,0
"DG2: Defense Grid 2",14.99,2014,9,81,0,1
"Red Faction®: Armageddon™",19.99,2011,6,75,17,0
"LEGO® Star Wars™ III - The Clone Wars™",19.99,2011,3,76,0,0
F.E.A.R.,9.99,2010,5,88,17,0
"Alien Breed 3: Descent",9.99,2010,11,64,0,0
"Lead and Gold: Gangs of the Wild West",9.99,2010,4,70,17,1
"Rogue State",12.99,2015,10,66,0,0
"Tales of Monkey Island Complete Pack",19.99,2009,7,79,0,0
Tidalis,4.99,2010,7,75,0,1
"Safecracker: The Ultimate Puzzle Adventure",4.99,2007,8,69,0,0
"Wolfenstein: The Old Blood",19.99,2015,5,76,17,0
"Bad Mojo Redux",5.99,2014,7,74,0,0
"King's Bounty: Crossworlds",14.99,2010,9,78,0,0
"Slender: The Arrival",9.99,2013,10,65,0,0
"Echelon: Wind Warriors",3.99,2014,8,63,0,0
"Order of War™",7.99,2009,9,69,0,0
"ENSLAVED™: Odyssey to the West™ Premium Edition",19.99,2013,10,70,0,0
"Call of Cthulhu®: Dark Corners of the Earth",9.99,2009,6,76,17,0
"Avadon: The Black Fortress",9.99,2011,8,75,0,0
"Jack Keane",9.99,2008,6,69,0,0
"B-17 Flying Fortress: The Mighty 8th",6.99,2014,10,82,0,0
"Avencast: Rise of the Mage",9.99,2010,3,68,0,0
"Might & Magic: Clash of Heroes",9.99,2011,9,76,0,1
Clandestine,24.99,2015,11,69,0,0
Spate,4.99,2014,3,61,0,0
"Elven Legacy: Ranger",1.99,2009,10,68,0,1
"A Golden Wake",9.99,2014,10,68,0,0
"Act of War: High Treason",2.99,2008,3,74,0,1
Continue?9876543210,9.99,2014,1,62,0,0
"Pinball FX2",0,2013,5,84,0,0
"The Baconing",14.99,2011,8,63,0,0
"Highland Warriors",7.99,2016,3,58,0,0
SpaceChem,9.99,2011,3,84,0,0
GUN™,19.99,2006,10,76,17,0
Technobabylon,14.99,2015,5,82,0,0
Bravada,9.99,2014,8,70,0,0
"Sid Meier's Civilization® IV",19.99,2006,10,94,0,1
"Bound By Flame",29.99,2014,5,56,0,0
"The Witcher: Enhanced Edition Director's Cut",9.99,2008,9,86,0,0
"Guild Wars Nightfall<sup>®</sup>",19.99,2009,4,84,0,1
"Supreme Commander 2",12.99,2010,3,77,0,1
"Warrior Kings",9.99,2014,4,73,0,0
Darkout,14.99,2013,12,55,0,0
"Rocko's Quest",4.99,2014,4,41,0,0
"Rocket League™",19.99,2015,7,86,0,1
Vindictus,0,2012,6,76,0,1
"Nancy Drew®: Curse of Blackmoor Manor",6.99,2009,10,81,0,0
Paperbound,9.99,2015,3,68,0,0
"Five Nights at Freddy's 2",7.99,2014,11,62,0,0
"Superfrog HD",9.99,2013,9,56,0,0
La-Mulana,14.99,2013,4,80,0,0
"Unreal Tournament: Game of the Year Edition",9.99,2008,3,92,17,1
Sym,7.99,2015,5,61,0,0
"Natural Selection 2",9.99,2012,10,80,0,1
"Serious Sam HD: The First Encounter",29.99,2009,11,68,17,1
"Dungeon Siege III",14.99,2011,6,72,0,1
"Frozen Synapse Prime",24.99,2014,11,83,0,1
"Kerbal Space Program",39.99,2015,4,88,0,0
"Animal Gods",9.99,2015,10,50,0,0
"Assassin's Creed® Syndicate",59.99,2015,11,74,17,0
"Blade Symphony",9.99,2014,5,72,0,1
BlazeRush,9.99,2014,10,66,0,1
"Tomb Raider: Anniversary",8.99,2007,6,83,0,0
"STAR WARS™ - Knights of the Old Republic™",9.99,2009,9,93,0,0
Lumini,12.99,2015,9,69,0,0
"LA Cops",14.99,2015,3,45,0,0
Awesomenauts,9.99,2012,8,78,0,1
"Recettear: An Item Shop's Tale",19.99,2010,9,82,0,0
"Pneuma: Breath of Life",19.99,2015,2,63,0,0
"Ittle Dew",9.99,2013,7,67,10,0
"Alan Wake",29.99,2012,2,83,0,0
Verdun,24.99,2015,4,70,0,1
"Alone in the Dark: The New Nightmare",6.99,2013,10,66,17,0
"Rain Blood Chronicles: Mirage",9.99,2013,11,68,0,0
"Human Resource Machine",9.99,2015,10,78,0,0
"Supreme Commander: Forged Alliance",14.99,2011,9,81,0,1
"Crazy Machines 1.5",9.99,2008,12,78,0,0
"El Matador",4.99,2014,4,54,0,0
"Toybox Turbos",14.99,2014,11,69,0,1
"Schrödinger’s Cat And The Raiders Of The Lost Quark",9.99,2014,9,59,0,0
"Tom Clancy's Ghost Recon® Island Thunder™",4.99,2008,7,82,0,0
"Defenders of Ardania",9.99,2012,3,58,0,1
"SiN Episodes: Emergence",9.99,2006,5,75,0,0
"PixelJunk™ Nom Nom Galaxy",9.99,2015,8,68,0,1
"Pro Evolution Soccer 2016",49.99,2015,9,76,0,1
"Anna's Quest",19.99,2015,7,74,0,0
Gateways,4.99,2012,9,72,0,0
Prospekt,9.99,2016,2,43,0,0
"Shadowrun: Hong Kong - Extended Edition",19.99,2015,8,81,0,0
"Spec Ops: The Line",29.99,2012,6,76,17,1
"Return to Castle Wolfenstein",9.99,2007,8,88,0,1
"Wasteland 2: Director's Cut",39.99,2014,9,87,17,0
"Death to Spies",4.99,2008,3,69,0,0
"Elite Dangerous",29.99,2015,4,80,0,1
"Papo & Yo",14.99,2013,4,70,0,0
"Puzzle Agent",4.99,2010,7,70,0,0
"LEGO Batman",19.99,2008,9,80,0,0
"Hack 'n' Slash",13.37,2014,9,73,0,0
"Dustforce DX",9.99,2012,1,79,0,0
"X3: Terran Conflict",15.99,2008,10,73,0,0
"LEGO® Star Wars™ - The Complete Saga",19.99,2009,11,77,0,0
"Day of the Tentacle Remastered",14.99,2016,3,86,0,0
DarkMaus,9.99,2016,1,83,0,0
"The Old City: Leviathan",9.99,2014,12,62,0,0
"You Must Build A Boat",4.99,2015,6,71,0,0
"The Elder Scrolls III: Morrowind® Game of the Year Edition",19.99,2009,6,89,0,0
"Enemy Front",29.99,2014,6,52,0,1
Torchlight,14.99,2009,10,83,0,0
"Tron 2.0",9.99,2014,10,84,0,0
"Train Fever",29.99,2014,9,67,0,0
Tryst,14.99,2012,9,50,0,1
"Black Mirror III",9.99,2014,4,75,0,0
"Nancy Drew®: The White Wolf of Icicle Creek",6.99,2009,7,73,0,0
"Of Orcs And Men",29.99,2012,10,69,0,0
"March of the Eagles",19.99,2013,2,71,0,1
StarDrive,29.99,2013,4,61,0,0
"Sorcery! Parts 1 and 2",9.99,2016,2,69,0,0
Closure,9.99,2012,9,78,0,0
"Port Royale 2",4.99,2009,6,75,0,0
"The Misadventures of P.B. Winterbottom",4.99,2010,4,79,0,0
"Hydrophobia: Prophecy",4.99,2011,5,64,17,0
"Dying Light: The Following - Enhanced Edition",59.99,2015,1,87,0,1
"Sid Meier's Railroads!",9.99,2007,5,77,0,1
"Guild of Dungeoneering",14.99,2015,7,72,0,0
Defiance,0,2014,6,64,17,1
"Magicka: Wizard Wars",0,2015,4,69,0,1
"Gemini Rue",9.99,2011,10,82,0,0
"Anna - Extended Edition",9.99,2013,4,75,0,0
"Legions of Steel",19.99,2015,7,64,0,1
"Resident Evil / biohazard HD REMASTER",19.99,2015,1,82,17,0
"Nikopol: Secrets of the Immortals",4.99,2009,7,68,0,0
"Kraven Manor",5.99,2014,9,58,0,0
LISA,9.99,2014,12,78,0,0
"Prime World",0,2014,3,65,0,1
WAKFU,0,2014,9,76,0,1
RoboBlitz,9.99,2006,11,80,0,0
Bastion,14.99,2011,8,86,0,0
Fly'N,9.99,2012,11,80,0,0
Deadlight,14.99,2012,10,78,17,0
"Mass Effect",19.99,2008,12,89,17,0
"Sid Meier's Civilization® III Complete",4.99,2006,10,90,0,1
"Tom Clancy's Rainbow Six® Vegas",9.99,2008,4,85,17,1
"Grand Theft Auto IV",19.99,2008,12,90,17,1
"F1 2014",29.99,2014,10,61,0,1
"Crypt of the NecroDancer",14.99,2015,4,87,0,0
"Worlds of Magic",39.99,2015,3,52,0,1
"Orcs Must Die! 2",14.99,2012,7,83,0,0
OlliOlli,12.99,2014,7,78,0,0
Etherlords,4.99,2014,2,77,0,1
"SteamWorld Dig",9.99,2013,12,76,0,0
"Majestic Nights",4.99,2014,10,32,0,0
Nexuiz,9.99,2012,5,54,0,1
Downfall,13.99,2016,2,74,18,0
"Silent Hunter 5®: Battle of the Atlantic",9.99,2010,3,62,0,1
Horizon,29.99,2014,2,58,0,0
"Far Cry® Primal",59.99,2016,2,74,17,0
"Blueberry Garden",4.99,2009,6,68,0,0
"Gothic 1",19.99,2001,3,81,0,0
"Blade Kitten",2.99,2014,5,52,0,0
"Fallout 2: A Post Nuclear Role Playing Game",9.99,2009,8,86,16,0
"Ghostbusters: Sanctum of Slime",9.99,2011,3,43,0,0
"Mark of the Ninja",14.99,2012,10,91,17,0
"Dead Island: Game of the Year Edition",19.99,1970,1,80,17,1
"Lilly Looking Through",9.99,2013,11,71,0,0
"Distant Worlds: Universe",59.99,2014,5,81,0,0
Shardlight,14.99,2016,3,75,0,0
"Surgeon Simulator 2013",9.99,2013,4,71,0,0
"Cortex Command",19.99,2012,9,44,0,0
"Conflict: Denied Ops",5.99,2008,2,58,17,0
"Disney TRON: Evolution",19.99,2014,10,57,0,1
"FINAL FANTASY TYPE-0™ HD",29.99,2015,8,69,17,0
"X-COM: Enforcer",4.99,2008,9,65,0,1
"The Evil Within",59.99,2014,10,68,16,0
"Grand Theft Auto: Vice City",9.99,2011,1,94,17,0
"Space Hack",4.99,2014,8,63,0,0
"Violett Remastered",9.99,2013,12,61,0,0
"King Arthur II: The Role-Playing Wargame",9.99,2012,1,66,0,0
Startopia,6.99,2013,10,86,13,0
"Metro 2033",14.99,2010,3,81,0,0
"Tribes: Ascend",0,2012,6,86,0,1
"Sonic & All-Stars Racing Transformed",19.99,2013,1,79,0,1
"NARUTO SHIPPUDEN: Ultimate Ninja STORM Revolution",29.99,2014,9,61,0,1
Traverser,14.99,2015,7,61,0,0
"Disciples II: Rise of the Elves ",6.49,2006,7,80,0,1
SPACECOM,9.99,2014,9,68,0,1
"NOT A HERO",12.99,2015,5,75,0,0
"Tower Wars",7.99,2012,8,59,0,1
"Counter-Strike: Global Offensive",14.99,2012,8,83,0,1
Doors,4.99,2016,2,40,0,0
"Nancy Drew®: The Phantom of Venice",6.99,2009,7,69,0,0
"Front Mission Evolved",9.99,2010,9,63,0,1
"MDK 2",9.99,2009,9,83,0,0
"Back to the Future: The Game",19.99,2010,12,74,0,0
"Resident Evil 6 / Biohazard 6",29.99,2013,3,69,16,1
"Hyper Light Drifter",19.99,2016,3,85,0,0
"Hitman: Blood Money",8.99,2007,3,82,17,0
"Ravenmark: Scourge of Estellion",14.99,2015,9,75,0,0
"Blood Alloy: Reborn",12.99,2016,3,49,0,0
"Runespell: Overture",9.99,2011,7,69,0,0
"Rag Doll Kung Fu",9.99,2005,10,69,0,1
"PAYDAY 2",19.99,2013,8,79,18,1
"They Bleed Pixels",9.99,2012,8,74,0,0
"Alien Swarm",0,2010,7,77,0,1
"Child of Light",14.99,2014,4,77,0,0
"The Night of the Rabbit",49.99,2013,5,75,0,0
"Batman: Arkham City - Game of the Year Edition",19.99,2012,9,91,0,0
"FTL: Faster Than Light",9.99,2012,9,84,0,0
"The Bard's Tale",9.99,2009,12,70,0,0
"Call of Juarez®: Bound in Blood",9.99,2009,7,78,17,1
"Skyshine's BEDLAM",19.99,2015,9,67,0,0
"The Journey Down: Chapter Two",10.99,2014,8,78,0,0
"Atom Zombie Smasher",9.99,2011,3,75,0,0
Flockers™,19.99,2014,9,66,13,0
"Escape Goat 2",9.99,2014,3,76,0,0
Flock!,4.99,2009,4,65,0,0
"Rollers of the Realm",9.99,2014,11,68,0,0
Echelon,3.99,2014,7,70,0,0
"Knights of Honor",9.99,2009,2,77,0,1
"Street Fighter® IV",19.99,2009,7,91,0,1
"Dracula 2: The Last Sanctuary",4.99,2014,4,68,0,0
"Dead Effect",4.99,2014,12,59,0,0
"Chivalry: Medieval Warfare",24.99,2012,10,79,0,1
"Wargame: Red Dragon",39.99,2014,4,78,0,1
"A Virus Named TOM",9.99,2012,8,65,0,0
"Offspring Fling!",7.99,2012,5,79,0,0
"Nether: Resurrected",4.99,2014,6,57,0,1
"Dead Island Riptide",19.99,1970,1,61,17,1
"Fran Bow",14.99,2015,8,70,0,0
Terraria,9.99,2011,5,83,0,1
Darwinia,9.99,2005,7,84,0,0
"Joint Task Force",9.99,2007,3,68,0,1
"Din's Curse",9.99,2012,8,76,0,1
"Nancy Drew®: The Haunted Carousel",6.99,2009,10,85,0,0
"Dominions 3: The Awakening",19.99,2013,9,82,0,1
"Corpse of Discovery",7.99,2015,8,49,0,0
"SiN Episodes: Emergence",9.99,2006,5,75,0,0
"Ship Simulator Extremes",19.99,2010,8,49,0,1
"The Journey Down: Chapter One",8.99,2013,1,72,0,0
"The Guild II",9.99,2010,6,61,0,0
"Shelter 2",14.99,2015,3,58,0,0
"Dragon Saga",0,2015,12,65,0,1
"Comanche 4",9.99,2009,6,74,0,1
"Lifeless Planet Premier Edition",19.99,2014,6,59,0,0
Krater,14.99,2012,6,52,0,0
BRINK,19.99,2011,5,70,0,1
Etherium,19.99,2015,3,62,0,1
Waves,4.99,2011,11,82,0,0
"Warhammer: End Times - Vermintide",29.99,2015,10,79,17,0
"Velvet Assassin",4.99,2009,5,61,17,0
"Stellar Impact",9.99,2012,4,74,0,1
"Steel Armor: Blaze of War",29.99,2015,3,70,0,0
"Serious Sam Classic: The First Encounter",99.99,2010,3,87,0,1
"GUILTY GEAR Xrd -SIGN-",29.99,2015,12,84,0,1
"Shank 2",9.99,2012,2,72,17,0
"Cossacks: Art of War",4.99,2011,8,74,0,0
"Car Mechanic Simulator 2015",19.99,2015,4,68,0,0
"Sonic Generations",29.99,2011,11,77,0,0
"Wars and Warriors: Joan of Arc",6.99,2015,9,60,0,0
"Homeworld Remastered Collection",34.99,2015,2,86,0,1
"Tom Clancy's EndWar™",9.99,2009,2,68,0,1
Pure,19.99,2014,10,80,0,0
"Joe Danger 2: The Movie",14.99,2013,6,82,0,0
"Back to the Future: The Game",19.99,2010,12,74,0,0
"The Dream Machine: Chapter 1 & 2",3.99,2012,5,77,0,0
"Tiny Troopers",4.99,2012,8,57,0,0
"DeathSpank: Thongs of Virtue",14.99,2010,11,78,0,0
"Grotesque Tactics: Evil Heroes",9.99,2010,10,65,0,0
HAWKEN,0,2014,2,73,0,1
"Sacred Citadel",9.99,2013,4,61,0,1
"Call of Duty®: Black Ops II",59.99,2012,11,74,17,1
"Crusader Kings Complete",9.99,2012,2,73,0,1
"Wolfenstein: The New Order",59.99,2014,5,81,16,0
"Warlocks vs Shadows",13.99,2015,8,68,0,1
"The Samaritan Paradox",9.99,2014,4,75,0,0
Impire,19.99,2013,2,45,0,1
"MacGuffin's Curse",9.99,2012,4,73,0,0
GALAK-Z,9.99,2015,10,82,0,0
"Cloudberry Kingdom™",9.99,2013,8,67,13,0
"The Sims Medieval",0,2011,5,77,0,0
"Niko: Through The Dream",9.99,2015,7,74,0,0
"Civilization IV: Beyond the Sword",9.99,2007,7,86,0,0
"Black Mesa",19.99,2015,5,86,0,1
"Five Nights at Freddy's 4",7.99,2015,7,51,0,0
Warface,0,2014,7,62,0,1
"Cave Story+",14.99,2011,11,83,0,0
"A Valley Without Wind 2",14.99,2013,2,68,0,1
"Blackwell Deception",9.99,2012,1,73,0,0
"Sword of the Stars: Complete Collection",9.99,2010,6,75,0,1
"The Ball",9.99,2010,10,68,17,0
"Edna & Harvey: Harvey's New Eyes",49.99,2012,10,75,0,0
"Tiny and Big: Grandpa's Leftovers",9.99,2012,6,75,0,0
"Dark Messiah of Might & Magic",9.99,2006,10,72,17,1
"Guardians of Middle-earth",19.99,2013,8,56,0,1
"Roche Fusion",12,2015,1,85,0,0
"Space Run",14.99,2014,6,73,0,0
"Farming Simulator 15",24.99,2014,10,64,0,1
"Postal III",14.99,2012,2,24,17,0
"Mighty Switch Force! Hyper Drive Edition",9.99,2015,6,85,0,0
Deadpool,39.99,2013,6,63,17,0
"Silent Hill Homecoming",39.99,2008,11,64,17,0
"State of Decay",0,2013,11,79,17,0
"Call of Duty®: Black Ops",39.99,2010,11,81,17,1
"BioShock Infinite",29.99,2013,3,94,17,0
"Expeditions: Conquistador",19.99,2013,5,77,0,1
"Lone Survivor: The Director's Cut",14.99,2012,4,81,15,0
"Crazy Machines 2",14.99,2008,6,72,0,0
ZOMBI,19.99,2015,8,65,17,0
"Stronghold HD",5.99,2013,10,81,0,1
"A Fistful of Gun",12.99,2015,9,60,0,1
"Assassin’s Creed® III",19.99,2012,11,80,17,1
"Tobe's Vertical Adventure",4.99,2011,7,75,0,0
"Heroes of Might & Magic V",9.99,2008,5,77,0,0
"Company of Heroes 2",34.99,2013,6,80,17,1
"The Incredible Adventures of Van Helsing II",14.99,2014,6,77,0,1
"Beatbuddy: Tale of the Guardians",9.99,2013,8,75,0,0
Crowntakers,14.99,2014,11,70,0,0
"BloodRayne 2",9.99,2006,9,67,17,0
Dyscourse,14.99,2015,3,71,0,0
"Company of Heroes: Tales of Valor",19.99,2009,4,70,17,1
Cradle,12.99,2015,7,65,0,0
"Dracula: The Resurrection",4.99,2014,4,67,0,0
"Far Cry 3 - Blood Dragon",14.99,2013,5,81,18,0
Californium,9.99,2016,2,64,0,0
"Pony Island",4.99,2016,1,86,0,0
Anodyne,9.99,2013,3,75,0,0
Hinterland,9.99,2008,9,65,0,0
Half-Life,9.99,1998,11,96,0,1
"Brigade E5: New Jagged Union",3.99,2014,4,41,0,0
"Children of the Nile: Enhanced Edition",7.99,2008,7,75,0,0
"Supreme Ruler: Cold War",9.99,2011,7,63,0,1
"Poltergeist: A Pixelated Horror",7.99,2014,10,70,0,0
"Worms Blast",7.99,2011,10,73,0,0
"F1 2011",14.99,2011,9,83,0,1
"Devil May Cry® 3 Special Edition",19.99,2007,6,66,0,0
"Echoes Of Aetheria",14.99,2016,1,77,0,0
"Dota 2",0,2013,7,90,0,1
Lume,5.99,2011,5,69,0,0
"Etherlords II",4.99,2014,2,78,0,1
Particulars,14.99,2014,11,74,0,0
"Puzzle Agent 2",9.99,2011,6,63,0,0
"Bard's Gold",7.99,2015,8,58,0,0
"GRID 2",29.99,2013,5,80,0,1
"Napoleon: Total War™",19.99,2010,2,81,0,1
"Jurassic Park: The Game",19.99,2011,11,54,0,0
"Civilization IV®: Warlords",4.99,2007,4,84,0,0
"IL-2 Sturmovik: 1946",9.99,2008,6,86,0,1
"SpellForce 2: Gold Edition",14.99,2009,10,80,0,0
"Tales of Zestiria",49.99,2015,10,77,0,0
"1001 Spikes",14.99,2014,6,80,0,1
"Trackmania United Forever Star Edition",29.99,2008,4,80,0,1
"Evil Genius",9.99,2009,6,75,0,0
"Fairy Fencer F",29.99,2015,8,66,13,0
"J.U.L.I.A.: Among the Stars",19.99,2014,9,71,0,0
"Planetary Annihilation",29.99,2014,9,62,0,1
"The Sims™ 3",19.99,2011,1,86,0,0
"The UnderGarden",6.99,2010,11,67,0,0
"Guacamelee! Super Turbo Championship Edition",14.99,2014,8,80,0,0
"Adventure Park",19.99,2013,11,49,0,0
"Advent Rising",9.99,2006,9,70,0,0
"Bone: Out From Boneville",9.99,2008,6,68,0,0
"Papers, Please",9.99,2013,8,85,0,0
"Age of Wonders II: The Wizard's Throne",9.99,2010,10,86,0,1
"Age of Mythology: Extended Edition",29.99,2014,5,66,0,1
"Total Annihilation",4.99,2015,12,86,0,1
Planetbase,19.99,2015,10,70,0,0
"Super Time Force Ultra",14.99,2014,8,80,0,0
"Freedom Planet",14.99,2014,7,81,0,0
"Condemned: Criminal Origins",14.95,2012,10,78,17,0
"Driver® Parallel Lines",9.99,2009,2,61,17,0
"The Corporate Machine",9.99,2015,3,80,0,1
"Action Henk",14.99,2015,5,74,0,1
"Airline Tycoon 2",19.99,2011,10,57,0,0
Sanctum,9.99,2011,4,70,0,1
"Marine Park Empire",6.99,2015,9,58,0,0
"Space Empires IV Deluxe",9.99,2006,2,79,0,1
"The Coma: Cutting Class",9.99,2015,10,69,0,0
"Ducati World Championship",4.99,2007,9,35,0,1
"Redux: Dark Matters",12.99,2014,12,61,0,0
Roogoo,2.99,2009,12,72,0,1
"Runaway, A Road Adventure",9.99,2007,3,74,0,0
"Mushroom 11",14.99,2015,10,78,0,0
Flotilla,9.99,2010,4,72,0,0
"Sub Command",9.99,2006,10,84,0,1
inMomentum,9.99,2011,10,59,0,1
"Need for Speed: Shift",19.99,2009,10,83,0,1
Blackguards,39.99,2014,1,68,0,0
"F1 2015",54.99,2015,7,61,0,1
Splice,9.99,2012,6,70,0,0
Summoner,4.99,2014,3,78,0,0
"Men of War: Assault Squad 2",29.99,2014,5,68,0,1
"Cold Fear™",9.99,2008,5,66,17,0
"Silent Hunter® III",9.99,2008,6,90,0,1
"BIT.TRIP Presents... Runner2: Future Legend of Rhythm Alien",14.99,2013,2,85,0,0
"Sword of the Stars: Complete Collection",9.99,2010,6,75,0,1
"Samorost 3",19.99,2016,3,81,0,0
"Democracy 3",24.99,2013,10,70,0,0
"Sideway™ New York",9.99,2011,11,71,0,0
"Stardew Valley",14.99,2016,2,89,0,0
"Qbeh-1: The Atlas Cube",9.99,2014,5,72,0,0
VoidExpanse,14.99,2015,4,59,0,1
"Still Life",7.99,2011,6,75,17,0
UnderRail,14.99,2015,12,72,0,0
"Monday Night Combat",4.99,2011,1,82,0,1
"Fester Mudd: Curse of the Gold - Episode 1",9.99,2013,11,76,0,0
ADR1FT,19.99,2016,3,66,0,0
"Death to Spies: Moment of Truth",9.99,2009,8,73,0,0
"Pillars of Eternity",44.99,2015,3,89,0,0
Crysis,19.99,2008,9,91,17,0
"Mega Man Legacy Collection",14.99,2015,8,85,0,0
"Randal's Monday",19.99,2014,11,57,0,0
"Sid Meier's Civilization® V",29.99,2010,9,90,0,1
Portal,9.99,2007,10,90,0,0
"Sins of a Solar Empire®: Trinity",19.99,2011,11,87,0,1
"Eurofighter Typhoon",9.99,2014,5,69,0,0
"Wings Over Europe",9.99,2014,5,62,0,0
"Broken Age",24.99,2014,1,73,0,0
"Long Live The Queen",9.99,2013,11,67,0,0
Broforce,14.99,2015,10,83,0,1
Masochisia,7.99,2015,10,68,18,0
"Reign: Conflict of Nations",3.99,2010,7,60,0,0
Hatred,10.99,2015,6,43,18,0
"Empire: Total War™",19.99,2009,3,90,0,1
AquaNox,4.99,2010,4,67,0,1
"Off-Road Drive",6.99,2011,9,60,0,1
"The Path",9.99,2009,3,79,0,0
Reus,9.99,2013,5,75,0,0
Light,12.99,2014,7,49,0,0
"Freespace 2",9.99,2014,6,91,0,1
"Dark Sector",9.99,2009,3,66,0,1
"Hamilton's Great Adventure",9.99,2011,5,77,0,0
"Gryphon Knight Epic",9.99,2015,8,55,0,0
"Tycoon City: New York",9.99,2008,3,67,0,0
"Mafia II",0,2011,3,77,18,0
Crimsonland,13.99,2014,6,68,0,0
Knock-knock,9.99,2013,10,57,0,0
"Sublevel Zero",14.99,2015,10,70,0,0
"Gemini Wars",14.99,2012,11,53,0,1
"Stronghold Crusader 2",49.99,2014,9,65,0,1
SUPERHOT,24.99,2016,2,82,0,0
POSTAL,1.99,2013,3,56,18,0
"Game Dev Tycoon",9.99,2013,8,68,0,0
"Just Cause",6.99,2007,3,75,17,0
Xenonauts,24.99,2014,6,77,0,0
"Planet of the Eyes",9.99,2015,8,66,0,0
Parallax,9.99,2015,3,68,0,0
"Arma Tactics",8.99,2013,10,47,0,0
"Race The Sun",9.99,2013,12,79,0,0
"Little Inferno",9.99,2012,11,68,0,0
"The Masterplan",19.99,2015,6,68,16,0
"Blackguards 2",34.99,2015,1,74,0,0
"Warlords Battlecry III",9.99,2016,1,73,0,0
"Blue Estate The Game",12.99,2015,4,59,0,0
"Speedball 2 HD",9.99,2013,12,53,0,1
"Bone: The Great Cow Race",9.99,2008,6,76,0,0
Hammerwatch,9.99,2013,8,72,0,1
"Oddworld: New 'n' Tasty",19.99,2015,2,87,0,0
"Strong Bad's Cool Game for Attractive People: Season 1",19.99,2008,12,82,0,0
"Light of Altair",14.99,2009,6,66,0,0
"Unreal Tournament 2004: Editor's Choice Edition",14.99,2004,3,93,17,1
Fire,9.99,2015,4,64,0,0
"Shattered Haven",9.99,2013,3,59,0,0
"Realm of the Mad God",0,2012,2,82,0,1
"LEGO Harry Potter: Years 1-4",19.99,2010,6,79,0,0
"Freaking Meatbags",9.99,2015,2,69,0,0
"Heavy Bullets",9.99,2014,9,72,0,0
Xotic,9.99,2011,9,67,0,0
"Warhammer 40,000: Regicide",14.99,2015,9,72,0,1
Munin,9.99,2014,6,68,0,0
NightSky,9.99,2011,3,78,0,0
"Alekhine's Gun",39.99,2016,3,38,0,0
"WWE 2K15",49.99,2015,4,70,13,1
"NARUTO SHIPPUDEN: Ultimate Ninja STORM 3 Full Burst",29.99,2013,10,80,0,1
"The Vanishing of Ethan Carter",19.99,2014,9,82,0,0
"Lovely Planet",5.99,2014,7,61,0,0
"Everybody's Gone to the Rapture",19.99,2016,4,73,16,0
"DiRT 3 Complete Edition",29.99,2015,4,86,0,1
"STAR WARS™ - The Force Unleashed™ Ultimate Sith Edition",19.99,2009,12,65,0,0
"The Flock",16.99,2015,8,36,0,1
"The Floor is Jelly",9.99,2014,5,83,0,0
"The Fall",9.99,2014,5,76,0,0
"Full Bore",14.99,2014,5,72,0,0
"Sleeping Dogs",0,1970,1,81,17,0
"Everyday Shooter",9.99,2008,5,77,0,0
"The Amazing Spider-Man 2™",39.99,2014,4,57,0,0
"Darkest of Days",19.99,2009,9,51,0,0
"Trine 2: Complete Story",19.99,2013,6,84,0,1
"Strike Suit Zero",19.99,2013,1,66,0,0
Soulbringer,9.99,2014,3,70,0,0
"Wargame: European Escalation",9.99,2012,2,81,0,1
"Trine Enchanted Edition",14.99,2009,7,80,0,1
"Batman: Arkham Asylum Game of the Year Edition",19.99,2010,3,91,0,0
"The Haunted: Hells Reach",14.99,2011,10,51,17,1
"Lovers in a Dangerous Spacetime",14.99,2015,9,80,0,0
"Street Fighter V",59.99,2016,2,74,0,1
"Hard Reset Extended Edition",14.99,2012,7,73,17,0
"Conflict Desert Storm™",6.99,2012,5,56,0,0
"Heaven's Hope - Special Edition",19.99,2016,2,74,0,0
"Mordheim: City of the Damned",39.99,2015,11,74,0,1
"Game of Thrones",19.99,2012,6,58,0,0
"Divide By Sheep",4.99,2015,7,83,0,0
"Ares Omega",9.99,2016,3,49,0,0
"This War of Mine",19.99,2014,11,83,0,0
"DARK SOULS™ III",59.99,2016,4,89,17,1
"A Vampyre Story",19.99,2014,7,75,0,0
DARK,19.99,2013,7,41,17,0
"OlliOlli2: Welcome to Olliwood",14.99,2015,8,82,0,1
"Strong Bad's Cool Game for Attractive People: Season 1",19.99,2008,12,82,0,0
"Pirates of Black Cove",9.99,2011,8,56,0,0
BloodRayne,9.99,2006,9,65,17,0
"STAR WARS™ Jedi Knight - Dark Forces II",5.99,2009,9,91,0,1
"Pacific Storm Allies",13.99,2008,8,60,0,1
"Goodbye Deponia",19.99,2013,10,80,0,0
"Broken Sword 3 - the Sleeping Dragon",5.99,2009,12,82,0,0
"MISSING: An Interactive Thriller - Episode One",3.99,2015,5,63,0,0
"Hostile Waters: Antaeus Rising",9.99,2014,1,80,0,0
"Blitzkrieg 2 Anthology",4.99,2014,9,75,0,0
"Invisible, Inc.",19.99,2015,5,82,0,0
"Stronghold Crusader HD",9.99,2013,10,78,0,1
"Hot Tin Roof: The Cat That Wore A Fedora",14.99,2015,2,66,0,0
"Razor2: Hidden Skies",9.99,2010,7,61,0,0
"Borderlands 2",19.99,2012,9,89,17,0
"Fallout 4",59.99,2015,11,84,17,0
"Brothers in Arms: Road to Hill 30™",9.99,2008,5,87,17,0
Kingdom,9.99,2015,10,74,0,0
"Vampire: The Masquerade - Bloodlines",19.99,2007,3,80,17,0
Uplink,9.99,2006,8,75,0,0
"Puzzle Dimension",2.99,2010,6,79,0,0
"Grand Ages: Rome",9.99,2009,3,72,0,1
"Pure Pool",12.99,2014,7,68,0,1
"No Pineapple Left Behind",9.99,2016,2,60,0,0
"Jagged Alliance - Back in Action",29.99,2012,2,62,17,0
"Nuclear Throne",11.99,2015,12,88,0,0
"The Cameron Files: The Secret at Loch Ness",2.99,2014,7,66,0,0
BLACKHOLE,8.99,2015,2,82,0,0
"Remember Me",29.99,2013,6,65,16,0
Gish,9.99,2007,7,80,0,1
"Red Orchestra: Ostfront 41-45",9.99,2006,3,81,0,1
"Divinity: Original Sin (Classic)",0,2014,6,87,0,1
"Salammbô: Battle for Carthage",4.99,2014,5,77,0,0
"LOUD on Planet X",7.99,2016,4,74,0,0
"The Last Federation",19.99,2014,4,72,0,0
"Heroes® of Might & Magic® III - HD Edition",14.99,2015,1,65,0,1
"Battlestations: Midway",6.99,2007,3,76,0,0
"Pix the Cat",9.99,2015,1,77,0,1
"Midnight Club 2",9.99,2008,1,81,0,1
Defragmented,14.99,2016,2,68,0,0
"Venetica - Gold Edition",9.99,2015,1,61,0,0
"Fallout: A Post Nuclear Role Playing Game",9.99,2009,8,89,16,0
"Judge Dredd: Dredd vs. Death",7.99,2009,3,55,0,1
"The Escapists",17.99,2015,2,71,0,0
"Company of Heroes",19.99,2007,7,93,17,1
"Crazy Machines 1.5",9.99,2008,12,78,0,0
"Battleplan: American Civil War",9.99,2014,7,66,0,0
"SUNLESS SEA",18.99,2015,2,81,0,0
"Aliens: Colonial Marines",14.99,2013,2,45,17,1
"Heroes of Annihilated Empires",14.99,2006,11,65,0,1
"DmC: Devil May Cry",29.99,2013,1,85,17,0
"Check vs Mate",19.99,2012,8,69,0,1
"Stealth Bastard Deluxe",9.99,2012,11,80,0,0
"Nancy Drew®: Secret of the Old Clock",6.99,2009,10,80,0,0
"99 Levels To Hell",4.99,2014,2,66,0,0
"The Settlers 7: Paths to a Kingdom: Deluxe Gold Edition",19.99,2011,3,79,0,1
"Prime World: Defenders",9.99,2013,6,58,0,0
HELLDIVERS™,19.99,2015,12,83,12,1
"Guild Wars<sup>®</sup> Game of the Year Edition",19.99,2009,4,89,0,1
"Dark Void™",9.99,2010,1,57,0,0
"Tom Clancy's Ghost Recon: Future Soldier™",19.99,2012,6,71,17,1
"FIVE: Guardians of David",19.99,2015,11,66,0,0
F.E.A.R.,9.99,2010,5,88,17,0
"Extreme Exorcism",12.99,2015,9,75,0,0
"Iron Warriors: T - 72 Tank Command ",4.99,2006,7,56,0,1
"L.A. Noire",19.99,2011,11,83,17,0
Ceville,9.99,2009,2,73,0,0
"Legend - Hand of God",9.99,2009,5,57,0,0
"Assassin’s Creed® Brotherhood",19.99,2011,3,88,17,1
"Actual Sunlight",4.99,2014,4,77,0,0
"Falcon 4.0",6.99,2016,1,85,0,1
"Star Hammer: The Vanguard Prophecy",19.99,2015,6,69,0,0
"Fist of Jesus",9.99,2014,10,63,0,0
"FINAL FANTASY III",15.99,2014,5,68,10,0
"Al Emmo and the Lost Dutchman's Mine",9.99,2014,5,77,0,0
"Tom Clancy's Rainbow Six® 3 Gold",9.99,2008,9,85,0,1
"Lost Planet® 2",19.99,2010,10,63,0,1
"Wayward Manor",6.99,2014,7,41,0,0
"Street Fighter X Tekken",29.99,2012,5,79,0,1
"Blues and Bullets",4.99,2015,7,73,0,0
Shelter,9.99,2013,8,69,0,0
"Subject 13",9.99,2015,5,59,0,0
"The Moment of Silence",14.99,2015,3,70,0,0
"Oozi: Earth Adventure",4.99,2013,12,66,0,0
Symphony,8.99,2012,8,75,0,0
"Serious Sam Classic: The Second Encounter",99.99,2010,9,85,0,1
"Silent Hunter®: Wolves of the Pacific",9.99,2008,6,79,0,1
"Toy Soldiers: War Chest",14.99,2015,8,60,0,1
"Stronghold HD",5.99,2013,10,81,0,1
"Hearts of Iron III: Semper Fi",4.99,2010,6,65,0,1
BRINK,19.99,2011,5,70,0,1
"Sine Mora",9.99,2012,11,77,17,0
"Dreamfall Chapters",29.99,2014,10,73,0,0
"Rayman Raving Rabbids™",9.99,2008,6,58,0,0
"The Westport Independent",9.99,2016,1,63,0,0
"FORCED SHOWDOWN",19.99,2016,3,71,0,0
"Alien Breed 2: Assault",9.99,2010,9,63,0,0
"Sherlock Holmes: The Awakened - Remastered Edition",9.99,2009,8,72,0,0
Syberia,12.99,2011,5,82,0,0
"Vigil: Blood Bitterness™",0,2007,6,61,0,0
"Magic: The Gathering - Duels of the Planeswalkers 2013",9.99,2012,6,77,0,1
"Prince of Persia®: The Sands of Time",9.99,2008,11,89,0,0
Split/Second,19.99,2014,10,79,0,0
"Disney•Pixar Cars",19.99,2015,2,73,0,0
STASIS,24.99,2015,8,79,0,0
"Revenge of the Titans",9.99,2011,3,79,0,0
"Sherlock Holmes - Nemesis",9.99,2008,8,71,0,0
"Tormentum - Dark Sorrow",11.99,2015,3,72,0,0
"DuckTales: Remastered",14.99,2013,8,66,0,0
"Spider-Man™: Shattered Dimensions",29.99,2015,10,68,0,0
"Cornerstone: The Song of Tyrim",19.99,2016,4,62,0,0
ArcaniA,19.99,2010,10,63,0,0
"Half-Life 2: Episode One",7.99,2006,6,87,0,0
"Super House of Dead Ninjas",6.99,2013,2,79,0,0
"Shattered Union",4.99,2006,10,67,0,1
"The Swapper",14.99,2013,5,87,0,0
"Ragnarok Online",0,2013,10,79,0,1
Fireburst,9.99,2012,4,59,0,1
"ARSLAN: THE WARRIORS OF LEGEND",59.99,2016,2,57,0,1
0RBITALIS,9.99,2015,5,73,0,0
"Dead State: Reanimated",19.99,2014,12,70,0,0
"XCOM: Enemy Unknown",29.99,2012,10,89,17,1
"Culpa Innata",9.99,2008,1,66,0,0
"Call of Duty: World at War",19.99,2008,11,83,17,1
X-Blades,9.99,2009,4,54,17,0
"Hearts of Iron 2 Complete",14.99,2009,1,83,0,1
"Grotesque Tactics 2 – Dungeons and Donuts",9.99,2011,11,48,0,0
"Burnout Paradise: The Ultimate Box",19.99,2009,3,87,0,1
"Tom Clancy's Splinter Cell Conviction™ Deluxe Edition",19.99,2010,4,83,17,1
"Dead Rising® 2",19.99,2010,9,78,17,1
"Conflicks - Revolutionary Space Battles",14.99,2015,11,63,0,1
"Starpoint Gemini",13.99,2012,2,46,0,0
"Mirror's Edge™",19.99,2009,1,81,0,0
"Legend of Dungeon",9.99,2013,9,62,0,0
"Insecticide Part 1",2.99,2008,7,65,0,0
"FRACT OSC",14.99,2014,4,75,0,0
"Risen 2: Dark Waters",9.99,2012,4,69,0,0
"Disney•Pixar Toy Story 3: The Video Game",19.99,2014,10,73,0,0
"Stronghold Kingdoms",0,2012,2,75,0,1
"XCOM® 2",59.99,2016,2,88,0,1
"Adventures of Pip",14.99,2015,6,72,0,0
Incredipede,9.99,2013,3,74,0,0
"The Last Tinker™: City of Colors",19.99,2014,5,72,0,0
"King's Bounty: Dark Side",15.99,2014,8,73,0,0
"Time Gentlemen, Please! and Ben There, Dan That! Special Edition  Double Pack",4.99,2009,8,84,0,0
"Gratuitous Tank Battles",9.99,2012,5,69,0,0
"Call of Duty®: Modern Warfare® 2",19.99,2009,11,86,0,1
"Lords of the Realm III",4.99,2015,12,65,0,0
"Tesla Effect: A Tex Murphy Adventure",19.99,2014,5,68,0,0
LIMBO,9.99,2011,8,88,0,0
"Warlock 2: The Exiled",19.99,2014,4,73,0,1
"Jolly Rover",9.99,2010,6,71,0,0
"Disney Alice in Wonderland",19.99,2014,10,63,0,0
"Operation Flashpoint: Red River",9.99,2011,6,67,17,1
"War Thunder",0,2013,8,82,0,0
"Hotline Miami",9.99,2012,10,85,17,0
"Orbital Gear",9.99,2014,8,59,0,1
"Marine Sharpshooter II: Jungle Warfare",9.99,2014,4,52,0,0
"Prototype 2",39.99,2012,7,76,17,0
"Men of War: Red Tide",4.99,2009,11,77,0,0
"Into the Stars",19.99,2016,3,63,0,0
"Alpha Protocol™",14.99,2010,6,72,17,0
"Divinity: Original Sin - Enhanced Edition",39.99,2015,10,94,0,1
"Year Walk",5.99,2014,3,87,0,0
"Blood Bowl® Legendary Edition",19.99,2010,10,73,0,1
"The Crew™",29.99,2014,12,71,0,1
"Sol Survivor",9.99,2010,3,75,0,1
"Drunken Robot Pornography",14.99,2014,2,66,0,0
"METAL GEAR SOLID V: GROUND ZEROES",19.99,2014,12,80,17,0
"Grim Fandango Remastered",14.99,2015,1,84,0,0
"Commandos 3: Destination Berlin",3.99,2007,3,72,0,1
"Earth 2160",4.99,2006,4,73,0,1
"FlatOut 2™",9.99,2006,12,76,0,0
"Pineapple Smash Crew ",9.99,2012,2,62,0,0
"STAR WARS™ Jedi Knight - Jedi Academy™",9.99,2009,9,81,0,1
"METAL GEAR RISING: REVENGEANCE",29.99,2014,1,83,17,0
Karateka,9.99,2012,12,48,0,0
"Patrician III",4.99,2010,11,75,0,0
"Pride of Nations",19.99,2011,6,70,0,1
"Left 4 Dead 2",19.99,2009,11,89,0,1
"Card Hunter",0,2015,7,80,0,1
Overlord™,4.99,2009,11,81,0,0
"Scribblenauts Unmasked: A DC Comics Adventure",19.99,2013,9,68,0,0
"Armada 2526 Gold Edition",19.99,2013,2,66,0,1
RAGE,19.99,2011,10,79,17,1
"Soldiers: Heroes of World War II",4.99,2014,7,77,0,1
"I Am Alive",14.99,2012,9,66,17,0
Bulletstorm™,19.99,2011,2,82,17,0
"EverQuest® II Free-To-Play. Your Way.™",0,2011,12,83,0,1
"DARK SOULS™ II: Scholar of the First Sin",49.99,2015,4,80,13,1
